City_ID,City,Country,Date,Lat,Lng,Max Temp,Humidity,Cloudiness,Wind Speed
0,Vitim,RU,2022-01-24 00:23:29,59.4511,112.5578,-13.0,99,99,3.49
1,Ginda,IN,2022-01-24 00:23:29,30.6945,78.4932,38.53,95,99,2.55
2,Ushuaia,AR,2022-01-24 00:23:02,-54.8,-68.3,51.46,76,75,10.36
3,Tura,IN,2022-01-24 00:19:22,25.5198,90.2201,55.83,69,57,4.27
4,Atuona,PF,2022-01-24 00:23:30,-9.8,-139.0333,78.75,71,10,18.25
5,Port Lincoln,AU,2022-01-24 00:23:30,-34.7333,135.8667,71.76,85,70,6.85
6,Goderich,CA,2022-01-24 00:23:30,43.7501,-81.7165,12.9,72,87,6.91
7,Vaini,TO,2022-01-24 00:22:54,-21.2,-175.2,81.36,76,26,11.48
8,Hobart,AU,2022-01-24 00:20:19,-42.8794,147.3294,80.02,65,100,10.36
9,Berezovyy,RU,2022-01-24 00:23:31,51.6667,135.7,-6.47,90,10,2.55
10,Upernavik,GL,2022-01-24 00:23:31,72.7868,-56.1549,-13.18,61,3,4.99
11,Kiama,AU,2022-01-24 00:23:32,-34.6833,150.8667,79.25,67,98,1.99
12,Silver City,US,2022-01-24 00:23:32,32.7701,-108.2803,37.69,89,40,3.0
13,Bafq,IR,2022-01-24 00:23:32,31.6128,55.4107,43.45,22,0,3.51
14,Thompson,CA,2022-01-24 00:23:32,55.7435,-97.8558,-12.84,70,0,8.05
15,Jamestown,US,2022-01-24 00:23:33,42.097,-79.2353,21.09,67,100,4.0
16,Kapaa,US,2022-01-24 00:23:33,22.0752,-159.319,79.48,71,20,1.01
17,Rikitea,PF,2022-01-24 00:23:33,-23.1203,-134.9692,78.37,70,100,15.1
18,Lugovoy,KZ,2022-01-24 00:23:34,42.9472,72.7644,25.93,85,92,3.2
19,Nur,PL,2022-01-24 00:23:34,52.6683,22.3221,24.78,94,21,4.63
20,Chokurdakh,RU,2022-01-24 00:23:34,70.6333,147.9167,-19.79,99,100,6.78
21,Punta Arenas,CL,2022-01-24 00:23:35,-53.15,-70.9167,53.71,71,75,23.02
22,Busselton,AU,2022-01-24 00:23:35,-33.65,115.3333,71.04,69,24,16.75
23,Mitu,CO,2022-01-24 00:23:35,1.1983,-70.1733,73.62,97,88,1.48
24,Komsomolskiy,UZ,2022-01-24 00:23:35,40.4272,71.7189,35.02,86,75,2.3
25,Le Port,RE,2022-01-24 00:23:36,-20.9373,55.2919,78.76,84,27,3.96
26,Cherskiy,RU,2022-01-24 00:21:40,68.75,161.3,-29.6,97,100,4.76
27,Saint George,US,2022-01-24 00:23:37,37.1041,-113.5841,56.62,31,0,1.99
28,Camacha,PT,2022-01-24 00:23:37,33.0833,-16.3333,59.76,77,40,2.3
29,Amapa,BR,2022-01-24 00:23:37,1.0,-52.0,72.05,98,75,2.19
30,Tabou,CI,2022-01-24 00:23:11,4.423,-7.3528,78.08,85,0,6.51
31,Bonnyville,CA,2022-01-24 00:23:38,54.2668,-110.735,34.92,96,100,7.36
32,Kodiak,US,2022-01-24 00:23:38,57.79,-152.4072,42.31,81,100,12.66
33,Souillac,MU,2022-01-24 00:23:38,-20.5167,57.5167,79.18,89,20,3.44
34,Neryungri,RU,2022-01-24 00:23:39,56.6709,124.6491,-18.08,100,71,1.74
35,Port Hedland,AU,2022-01-24 00:23:39,-20.3167,118.5667,89.65,70,78,4.61
36,Sola,VU,2022-01-24 00:23:39,-13.8833,167.55,86.67,74,75,9.22
37,Cabo San Lucas,MX,2022-01-24 00:23:40,22.8909,-109.9124,72.7,72,100,1.01
38,Bredasdorp,ZA,2022-01-24 00:23:40,-34.5322,20.0403,67.28,88,38,8.39
39,Asau,RO,2022-01-24 00:23:40,46.4333,26.4,22.95,87,88,6.91
40,Dikson,RU,2022-01-24 00:23:41,73.5069,80.5464,-6.39,99,100,20.38
41,Ribeira Grande,PT,2022-01-24 00:23:41,38.5167,-28.7,59.94,64,8,5.61
42,San Patricio,US,2022-01-24 00:23:41,28.017,-97.5169,57.88,45,100,3.76
43,Coquimbo,CL,2022-01-24 00:23:16,-29.9533,-71.3436,64.27,80,8,7.58
44,Boa Vista,BR,2022-01-24 00:23:42,2.8197,-60.6733,87.78,48,20,6.91
45,Pangnirtung,CA,2022-01-24 00:23:42,66.1451,-65.7125,-4.2,79,100,5.86
46,Normandin,CA,2022-01-24 00:23:42,48.8333,-72.5321,-10.89,76,70,6.91
47,Cidreira,BR,2022-01-24 00:23:42,-30.1811,-50.2056,77.05,89,69,9.84
48,Albany,US,2022-01-24 00:19:16,42.6001,-73.9662,26.8,86,100,2.1
49,Kavieng,PG,2022-01-24 00:24:43,-2.5744,150.7967,84.45,67,67,7.09
50,Faanui,PF,2022-01-24 00:24:43,-16.4833,-151.75,81.3,70,97,14.03
51,Seoul,KR,2022-01-24 00:21:14,37.5683,126.9778,35.11,75,0,3.44
52,Borba,BR,2022-01-24 00:24:44,-4.3878,-59.5939,74.73,90,75,1.79
53,Antofagasta,CL,2022-01-24 00:20:11,-23.65,-70.4,65.88,79,64,6.96
54,Preobrazheniye,RU,2022-01-24 00:24:44,42.9019,133.9064,17.17,59,0,8.48
55,Naze,JP,2022-01-24 00:24:44,28.3667,129.4833,65.32,84,94,12.35
56,New Norfolk,AU,2022-01-24 00:24:45,-42.7826,147.0587,79.66,40,99,1.99
57,Hermanus,ZA,2022-01-24 00:22:55,-34.4187,19.2345,67.89,93,71,7.58
58,Hambantota,LK,2022-01-24 00:24:45,6.1241,81.1185,71.94,100,20,4.61
59,Cayenne,GF,2022-01-24 00:20:28,4.9333,-52.3333,78.1,88,75,1.99
60,Lavrentiya,RU,2022-01-24 00:24:45,65.5833,-171.0,9.14,97,100,4.16
61,West Wendover,US,2022-01-24 00:24:46,40.7391,-114.0733,36.54,58,3,3.06
62,Malkangiri,IN,2022-01-24 00:24:46,18.35,81.9,64.53,78,58,2.24
63,Tiksi,RU,2022-01-24 00:24:46,71.6872,128.8694,-6.79,100,100,2.93
64,Chipinge,ZW,2022-01-24 00:24:47,-20.1883,32.6236,62.89,99,100,5.17
65,Tasiilaq,GL,2022-01-24 00:24:15,65.6145,-37.6368,15.96,51,66,11.79
66,Dzhebariki-Khaya,RU,2022-01-24 00:24:47,62.2167,135.8,-39.41,100,77,0.43
67,Ahipara,NZ,2022-01-24 00:24:48,-35.1667,173.1667,71.49,70,100,12.41
68,Port Alfred,ZA,2022-01-24 00:24:48,-33.5906,26.891,71.53,77,0,16.26
69,Severo-Kurilsk,RU,2022-01-24 00:24:15,50.6789,156.125,26.83,74,99,11.16
70,Lata,PT,2022-01-24 00:24:23,40.1629,-8.3327,42.06,82,0,3.69
71,Qaanaaq,GL,2022-01-24 00:23:04,77.484,-69.3632,-4.31,77,100,3.6
72,Yar-Sale,RU,2022-01-24 00:24:48,66.8333,70.8333,4.33,94,60,12.3
73,Geraldton,AU,2022-01-24 00:24:49,-28.7667,114.6,77.41,69,0,21.85
74,Airai,TL,2022-01-24 00:24:49,-8.9266,125.4092,68.99,72,100,2.48
75,Bonanza,NI,2022-01-24 00:24:49,14.0289,-84.591,70.14,93,18,3.22
76,Port Elizabeth,ZA,2022-01-24 00:24:50,-33.918,25.5701,62.89,88,0,2.3
77,Kondinskoye,RU,2022-01-24 00:22:07,59.6481,67.41,-3.3,99,80,4.68
78,Rabo De Peixe,PT,2022-01-24 00:24:50,37.8,-25.5833,58.28,96,20,8.05
79,Ayan,RU,2022-01-24 00:24:50,56.45,138.1667,4.89,65,49,12.39
80,Hamilton,US,2022-01-24 00:22:08,39.1834,-84.5333,28.04,69,100,3.0
81,Esperance,AU,2022-01-24 00:24:51,-33.8667,121.9,67.84,81,80,13.6
82,Kindu,CD,2022-01-24 00:24:51,-2.95,25.95,68.79,99,100,2.35
83,Namibe,AO,2022-01-24 00:24:51,-15.1961,12.1522,74.95,86,82,5.57
84,Carinhanha,BR,2022-01-24 00:24:52,-14.3047,-43.765,74.86,74,92,3.98
85,Katsuura,JP,2022-01-24 00:24:52,35.1333,140.3,48.18,80,100,17.78
86,Homer,US,2022-01-24 00:24:52,59.6425,-151.5483,43.03,69,100,13.8
87,Butaritari,KI,2022-01-24 00:24:53,3.0707,172.7902,82.22,79,96,18.1
88,Havelock,US,2022-01-24 00:24:53,34.8791,-76.9013,43.95,77,0,1.01
89,Mubi,NG,2022-01-24 00:24:53,10.2676,13.2644,63.9,27,0,3.38
90,Bambous Virieux,MU,2022-01-24 00:24:54,-20.3428,57.7575,79.05,89,20,3.44
91,Torbay,CA,2022-01-24 00:24:54,47.6666,-52.7314,26.76,90,100,16.11
92,Baie-Comeau,CA,2022-01-24 00:24:54,49.2168,-68.1489,15.28,61,20,8.05
93,Sassandra,CI,2022-01-24 00:24:55,4.95,-6.0833,76.89,86,0,3.24
94,Buenos Aires,AR,2022-01-24 00:22:34,-34.6132,-58.3772,76.96,79,20,2.3
95,Ancud,CL,2022-01-24 00:25:55,-41.8697,-73.8203,59.43,86,88,8.59
96,Bend,US,2022-01-24 00:24:15,44.0582,-121.3153,58.86,29,0,4.61
97,Tateyama,JP,2022-01-24 00:25:55,34.9833,139.8667,48.47,64,100,18.1
98,Kahului,US,2022-01-24 00:23:05,20.8947,-156.47,82.42,69,20,19.57
99,Itoman,JP,2022-01-24 00:25:56,26.1247,127.6694,70.57,92,75,14.97
100,Bluff,NZ,2022-01-24 00:25:56,-46.6,168.3333,60.8,59,55,6.8
101,Broken Hill,AU,2022-01-24 00:25:56,-31.95,141.4333,80.31,41,75,14.97
102,Samarai,PG,2022-01-24 00:25:57,-10.6167,150.6667,85.46,70,64,11.97
103,San Quintin,MX,2022-01-24 00:25:57,30.4833,-115.95,64.94,38,2,8.9
104,Adrar,MR,2022-01-24 00:25:58,20.5022,-10.0711,65.41,17,33,10.74
105,Bol,TD,2022-01-24 00:25:58,13.4586,14.7147,68.18,31,1,16.28
106,Salinopolis,BR,2022-01-24 00:25:58,-0.6136,-47.3561,77.97,88,80,9.91
107,Eureka,US,2022-01-24 00:25:58,40.8021,-124.1637,65.35,56,0,2.66
108,Ostrovnoy,RU,2022-01-24 00:21:09,68.0531,39.5131,30.38,95,100,31.63
109,Hilo,US,2022-01-24 00:23:05,19.7297,-155.09,78.53,72,40,8.05
110,Tingi,TZ,2022-01-24 00:25:59,-11.3,35.0333,62.24,94,100,3.11
111,Caravelas,BR,2022-01-24 00:25:59,-17.7125,-39.2481,75.81,83,53,3.94
112,Pasinler,TR,2022-01-24 00:26:00,39.9803,41.6764,23.99,96,99,2.93
113,Hasaki,JP,2022-01-24 00:26:00,35.7333,140.8333,46.29,60,100,25.52
114,Nikolskoye,RU,2022-01-24 00:26:00,59.7035,30.7861,27.88,93,96,8.66
115,Pandan,PH,2022-01-24 00:26:01,14.0453,124.1694,78.64,88,68,10.54
116,Talnakh,RU,2022-01-24 00:26:01,69.4865,88.3972,-3.23,99,99,6.69
117,Vostok,RU,2022-01-24 00:26:01,46.4856,135.8833,-6.54,96,80,2.8
118,Moose Factory,CA,2022-01-24 00:26:01,51.2585,-80.6094,-14.82,76,100,5.75
119,Barrow,US,2022-01-24 00:26:02,71.2906,-156.7887,1.42,85,100,5.75
120,Castro,BR,2022-01-24 00:26:02,-24.7911,-50.0119,69.55,80,32,4.65
121,Dekar,BW,2022-01-24 00:26:03,-21.5333,21.9333,65.21,61,33,4.34
122,Lagoa,PT,2022-01-24 00:26:03,39.05,-27.9833,59.25,63,18,6.4
123,Vestmannaeyjar,IS,2022-01-24 00:26:03,63.4427,-20.2734,34.77,72,100,29.44
124,Isangel,VU,2022-01-24 00:24:23,-19.55,169.2667,86.11,84,40,4.61
125,Akureyri,IS,2022-01-24 00:26:04,65.6835,-18.0878,26.53,46,100,12.66
126,Mataura,NZ,2022-01-24 00:26:04,-46.1927,168.8643,60.48,40,36,1.21
127,Puerto Ayora,EC,2022-01-24 00:26:04,-0.7393,-90.3518,74.08,87,97,8.41
128,Yellowknife,CA,2022-01-24 00:26:04,62.456,-114.3525,-19.68,76,20,6.91
129,Sao Francisco De Paula,BR,2022-01-24 00:26:05,-29.4481,-50.5836,72.64,97,93,2.64
130,Korla,CN,2022-01-24 00:26:05,41.7597,86.1469,24.31,57,100,2.86
131,The Valley,AI,2022-01-24 00:26:05,18.217,-63.0578,77.09,72,35,4.94
132,Uvarovka,RU,2022-01-24 00:26:06,55.5278,35.6061,0.03,100,98,2.55
133,Barra Do Bugres,BR,2022-01-24 00:26:06,-15.0725,-57.1811,79.09,78,55,3.53
134,Palmer,US,2022-01-24 00:26:06,42.1584,-72.3287,31.37,60,100,1.01
135,Bengkulu,ID,2022-01-24 00:24:16,-3.8004,102.2655,75.87,88,76,3.69
136,Auki,SB,2022-01-24 00:26:07,-8.7676,160.7034,83.8,79,99,6.98
137,Lebu,CL,2022-01-24 00:26:07,-37.6167,-73.65,60.89,85,0,8.93
138,Ugoofaaru,MV,2022-01-24 00:26:07,5.6667,73.0,81.36,60,100,10.92
139,Rawson,AR,2022-01-24 00:21:49,-43.3002,-65.1023,75.18,30,37,25.61
140,Tual,ID,2022-01-24 00:26:08,-5.6667,132.75,82.83,79,97,12.35
141,Yulara,AU,2022-01-24 00:26:08,-25.2406,130.9889,82.24,42,0,9.22
142,San Policarpo,PH,2022-01-24 00:26:08,12.1791,125.5072,79.36,90,100,12.73
143,Batagay-Alyta,RU,2022-01-24 00:27:09,67.8006,130.4114,-12.05,90,100,1.14
144,Maragogi,BR,2022-01-24 00:27:09,-9.0122,-35.2225,79.14,72,47,6.87
145,Paamiut,GL,2022-01-24 00:25:40,61.994,-49.6678,23.13,74,100,13.49
146,Hobyo,SO,2022-01-24 00:27:10,5.3505,48.5268,76.37,71,97,17.47
147,Bonavista,CA,2022-01-24 00:27:10,48.6499,-53.1147,27.12,78,91,16.26
148,Luanda,AO,2022-01-24 00:23:45,-8.8368,13.2343,74.1,86,38,8.43
149,Sioux Lookout,CA,2022-01-24 00:27:11,50.1001,-91.917,-3.62,77,100,3.44
150,Fairbanks,US,2022-01-24 00:25:52,64.8378,-147.7164,16.61,76,0,0.0
151,Yaan,NG,2022-01-24 00:27:12,7.3833,8.5667,78.75,16,2,6.93
152,Salalah,OM,2022-01-24 00:27:12,17.0151,54.0924,66.29,27,0,12.66
153,Ust-Nera,RU,2022-01-24 00:27:13,64.5667,143.2,-27.08,99,100,2.84
154,Coihaique,CL,2022-01-24 00:27:13,-45.5752,-72.0662,55.35,58,75,9.22
155,Mirnyy,RU,2022-01-24 00:27:14,62.5353,113.9611,-13.77,69,78,1.99
156,Kaitangata,NZ,2022-01-24 00:27:15,-46.2817,169.8464,55.92,69,56,8.25
157,Kosh-Agach,RU,2022-01-24 00:27:15,50.0,88.6667,-25.31,97,81,2.89
158,Clyde River,CA,2022-01-24 00:25:22,70.4692,-68.5914,-5.57,84,100,29.93
159,Klaksvik,FO,2022-01-24 00:27:15,62.2266,-6.589,40.12,62,98,26.93
160,Kamaishi,JP,2022-01-24 00:27:16,39.2667,141.8833,34.75,65,46,8.14
161,Sao Jose Da Coroa Grande,BR,2022-01-24 00:27:16,-8.8978,-35.1478,79.41,72,52,7.54
162,Husavik,IS,2022-01-24 00:27:16,66.0449,-17.3389,26.51,70,54,21.39
163,Arlit,NE,2022-01-24 00:27:17,18.7369,7.3853,59.7,22,0,7.2
164,Magaria,NE,2022-01-24 00:27:17,12.9983,8.9099,61.23,16,11,9.95
165,Morro Bay,US,2022-01-24 00:27:17,35.3658,-120.8499,72.75,41,0,1.99
166,Iqaluit,CA,2022-01-24 00:27:18,63.7506,-68.5145,-7.87,71,100,0.0
167,Grand Gaube,MU,2022-01-24 00:27:18,-20.0064,57.6608,79.2,84,58,3.0
168,Galbshtadt,RU,2022-01-24 00:27:18,53.2264,78.9845,-13.31,100,98,4.38
169,East London,ZA,2022-01-24 00:23:06,-33.0153,27.9116,71.38,78,0,18.86
170,Hommelvik,NO,2022-01-24 00:27:19,63.4108,10.7942,48.18,92,0,12.66
171,Hithadhoo,MV,2022-01-24 00:24:18,-0.6,73.0833,82.33,66,75,15.43
172,Chuy,UY,2022-01-24 00:27:19,-33.6971,-53.4616,73.38,95,86,4.41
173,Shenxian,CN,2022-01-24 00:27:19,36.2411,115.6672,28.27,53,98,6.87
174,Seljord,NO,2022-01-24 00:27:20,59.4894,8.634,32.07,92,86,6.76
175,Avarua,CK,2022-01-24 00:27:20,-21.2078,-159.775,80.65,94,75,16.11
176,Mahebourg,MU,2022-01-24 00:26:21,-20.4081,57.7,79.09,89,20,3.44
177,Sucha Beskidzka,PL,2022-01-24 00:27:21,49.7419,19.5943,25.41,91,94,3.42
178,Vernon,CA,2022-01-24 00:27:01,50.2581,-119.2691,33.6,82,62,1.14
179,Yagodnoye,RU,2022-01-24 00:27:21,62.55,149.6667,-15.56,98,100,3.51
180,Arraial Do Cabo,BR,2022-01-24 00:27:21,-22.9661,-42.0278,76.96,83,0,16.11
181,Atlantic City,US,2022-01-24 00:22:44,39.3643,-74.4229,35.64,64,100,5.75
182,Sambava,MG,2022-01-24 00:27:22,-14.2667,50.1667,74.3,91,100,4.59
183,Beisfjord,NO,2022-01-24 00:27:22,68.3751,17.5988,47.05,98,100,40.56
184,Vila Velha,BR,2022-01-24 00:23:42,-20.3297,-40.2925,78.75,86,75,5.75
185,Qaqortoq,GL,2022-01-24 00:28:23,60.7167,-46.0333,23.5,72,100,9.44
186,Chekmagush,RU,2022-01-24 00:28:23,55.1319,54.6556,13.08,92,100,3.36
187,Berlevag,NO,2022-01-24 00:25:23,70.8578,29.0864,42.33,78,100,44.83
188,Comodoro Rivadavia,AR,2022-01-24 00:26:49,-45.8667,-67.5,69.66,28,0,31.07
189,Mehamn,NO,2022-01-24 00:28:24,71.0357,27.8492,40.24,93,100,44.83
190,Saint-Philippe,RE,2022-01-24 00:28:24,-21.3585,55.7679,78.35,81,58,7.9
191,Alta Floresta,BR,2022-01-24 00:28:24,-9.8756,-56.0861,72.57,95,54,2.24
192,Sabang,ID,2022-01-24 00:28:25,5.8933,95.3214,79.2,76,79,4.83
193,Salvador,SV,2022-01-24 00:28:25,13.8333,-88.9167,79.05,53,45,1.32
194,Save,BJ,2022-01-24 00:28:25,8.0425,2.486,79.72,20,3,1.66
195,Maridi,SS,2022-01-24 00:28:26,4.9158,29.4742,72.64,38,50,3.53
196,Tautira,PF,2022-01-24 00:28:26,-17.7333,-149.15,86.02,78,89,14.58
197,Anadyr,RU,2022-01-24 00:28:26,64.75,177.4833,-14.01,75,20,6.71
198,Jitauna,BR,2022-01-24 00:28:27,-14.0189,-39.8889,70.2,92,84,1.01
199,Pangoa,PE,2022-01-24 00:28:27,-12.1167,-73.0,69.57,94,35,1.36
200,Carnarvon,AU,2022-01-24 00:25:30,-24.8667,113.6333,84.27,51,1,23.02
201,Tuktoyaktuk,CA,2022-01-24 00:28:28,69.4541,-133.0374,1.4,85,75,9.22
202,Ballitoville,ZA,2022-01-24 00:27:01,-29.539,31.2144,72.25,83,0,8.05
203,Valleyview,CA,2022-01-24 00:28:28,55.0667,-117.2859,33.84,100,100,6.91
204,Saldanha,ZA,2022-01-24 00:28:28,-33.0117,17.9442,65.79,95,77,9.93
205,Jalu,LY,2022-01-24 00:28:29,29.0331,21.5482,49.01,62,9,6.69
206,Ahuimanu,US,2022-01-24 00:28:29,21.4447,-157.8378,82.11,65,40,5.99
207,Tara,RU,2022-01-24 00:28:29,56.8944,74.371,-11.45,100,98,2.68
208,Codrington,AU,2022-01-24 00:28:30,-38.2667,141.9667,89.4,26,100,7.07
209,Port Macquarie,AU,2022-01-24 00:28:30,-31.4333,152.9167,76.89,62,76,8.1
210,Havre,FR,2022-01-24 00:28:30,49.5833,0.3333,37.8,87,100,10.36
211,Cape Town,ZA,2022-01-24 00:28:12,-33.9258,18.4232,69.28,86,75,9.22
212,Sinnamary,GF,2022-01-24 00:28:31,5.3833,-52.95,75.63,89,27,7.54
213,Neiafu,TO,2022-01-24 00:28:31,-18.65,-173.9833,88.48,74,40,4.61
214,Te Anau,NZ,2022-01-24 00:28:31,-45.4167,167.7167,61.38,59,53,1.39
215,Boundiali,CI,2022-01-24 00:28:32,9.5217,-6.4869,69.94,16,3,3.06
216,Orikum,AL,2022-01-24 00:28:32,40.3253,19.4714,37.6,48,0,13.8
217,Little Baguio,PH,2022-01-24 00:28:32,7.8939,125.2764,66.11,96,100,2.68
218,Cairns,AU,2022-01-24 00:25:15,-16.9167,145.7667,89.11,68,100,4.61
219,Lazaro Cardenas,MX,2022-01-24 00:28:33,17.9583,-102.2,80.17,62,58,7.9
220,High Level,CA,2022-01-24 00:28:33,58.5169,-117.136,6.91,85,100,3.44
221,Bria,CF,2022-01-24 00:28:33,6.5423,21.9863,71.06,32,18,3.8
222,Denpasar,ID,2022-01-24 00:28:34,-8.65,115.2167,83.86,79,20,11.5
223,Sinop,TR,2022-01-24 00:28:34,41.7711,34.8709,26.33,92,100,5.73
224,Nantucket,US,2022-01-24 00:28:34,41.2835,-70.0995,35.15,72,94,16.64
225,Timra,SE,2022-01-24 00:28:35,62.487,17.3257,26.67,92,74,2.3
226,Salekhard,RU,2022-01-24 00:28:35,66.53,66.6019,-8.14,100,79,6.82
227,Padang,ID,2022-01-24 00:28:35,-0.9492,100.3543,73.45,86,99,3.8
228,Champerico,GT,2022-01-24 00:27:49,14.3,-91.9167,86.54,65,1,7.16
229,Kollam,IN,2022-01-24 00:29:36,8.8833,76.6,76.87,85,100,7.87
230,Victoria,HK,2022-01-24 00:25:25,22.2855,114.1577,67.95,94,90,1.01
231,Nanortalik,GL,2022-01-24 00:29:06,60.1432,-45.2371,23.85,77,100,7.11
232,Zhigansk,RU,2022-01-24 00:29:37,66.7697,123.3711,-7.02,98,100,11.25
233,Prince Rupert,CA,2022-01-24 00:29:37,54.3161,-130.3201,44.69,92,100,3.44
234,Kavaratti,IN,2022-01-24 00:29:37,10.5669,72.642,79.57,64,15,10.8
235,Saint-Pierre,RE,2022-01-24 00:29:37,-21.3393,55.4781,78.44,73,0,3.44
236,Neyyattinkara,IN,2022-01-24 00:29:38,8.4,77.0833,76.86,87,99,5.7
237,Dodge City,US,2022-01-24 00:29:38,37.7528,-100.0171,51.26,43,0,4.0
238,Vohma,EE,2022-01-24 00:29:38,58.6283,25.5483,31.21,96,100,9.69
239,Ust-Ordynskiy,RU,2022-01-24 00:29:39,52.805,104.7508,-5.96,98,100,3.29
240,Praia,CV,2022-01-24 00:29:39,14.9215,-23.5087,73.94,78,75,14.97
241,Ontario,US,2022-01-24 00:25:18,34.0633,-117.6509,73.31,24,0,1.99
242,Radinac,RS,2022-01-24 00:29:39,44.6267,20.967,23.04,88,55,10.25
243,Ketchikan,US,2022-01-24 00:24:40,55.3422,-131.6461,45.07,93,100,9.22
244,Leningradskiy,RU,2022-01-24 00:29:40,69.3833,178.4167,-13.58,95,100,5.1
245,Sayat,TM,2022-01-24 00:29:40,38.7839,63.8803,31.87,63,0,8.99
246,Mount Isa,AU,2022-01-24 00:29:40,-20.7333,139.5,78.57,94,100,10.36
247,Hvolsvollur,IS,2022-01-24 00:29:41,63.7533,-20.2243,27.81,95,100,3.42
248,Mayo,US,2022-01-24 00:28:11,38.8876,-76.5119,36.27,70,75,4.0
249,Formosa,AR,2022-01-24 00:29:41,-26.1775,-58.1781,94.98,38,8,0.0
250,Jaque,PA,2022-01-24 00:29:42,7.5175,-78.1703,79.47,85,83,6.67
251,Mar Del Plata,AR,2022-01-24 00:25:25,-38.0023,-57.5575,72.09,86,0,4.0
252,Luderitz,NA,2022-01-24 00:25:22,-26.6481,15.1594,75.45,66,51,8.21
253,Ostersund,SE,2022-01-24 00:29:42,63.1792,14.6357,37.85,70,24,12.66
254,Taremskoye,RU,2022-01-24 00:29:42,55.9289,43.0443,-1.23,100,98,1.9
255,Astoria,US,2022-01-24 00:25:31,46.1879,-123.8313,53.92,70,0,7.0
256,Kinkala,CG,2022-01-24 00:29:43,-4.3614,14.7644,77.31,88,83,1.19
257,Rio Gallegos,AR,2022-01-24 00:29:43,-51.6226,-69.2181,57.25,51,75,17.27
258,Wittlich,DE,2022-01-24 00:29:43,49.9833,6.8833,39.65,94,8,4.12
259,Buchanan,LR,2022-01-24 00:29:44,5.8808,-10.0467,77.23,84,7,4.23
260,Nador,MA,2022-01-24 00:29:44,35.174,-2.9287,57.45,72,75,10.36
261,Hannibal,US,2022-01-24 00:29:44,39.7084,-91.3585,23.92,58,0,0.0
262,Shache,CN,2022-01-24 00:29:45,38.4167,77.2406,29.71,50,99,1.99
263,Port-Gentil,GA,2022-01-24 00:29:45,-0.7193,8.7815,79.59,79,20,8.84
264,Xining,CN,2022-01-24 00:29:45,36.6167,101.7667,17.11,70,2,0.54
265,Changying,CN,2022-01-24 00:29:46,52.8733,123.3213,-12.48,98,28,4.0
266,Carauari,BR,2022-01-24 00:29:46,-4.8828,-66.8958,74.39,97,100,2.48
267,Chimalpa,MX,2022-01-24 00:29:46,19.4333,-99.35,60.78,46,42,5.26
268,Krasnoznamensk,RU,2022-01-24 00:29:47,55.5994,37.0386,11.86,100,100,1.86
269,Toora-Khem,RU,2022-01-24 00:29:47,52.4675,96.11,-11.36,100,97,0.45
270,Provideniya,RU,2022-01-24 00:26:36,64.3833,-173.3,14.36,79,100,8.95
271,Najran,SA,2022-01-24 00:29:48,17.4924,44.1277,54.25,45,5,0.72
272,Pachino,IT,2022-01-24 00:29:48,36.7186,15.0907,35.64,58,8,5.75
273,Omaha,US,2022-01-24 00:29:48,41.2586,-95.9378,30.15,72,75,5.99
274,San Juan,AR,2022-01-24 00:24:55,-31.5375,-68.5364,87.91,30,46,10.45
275,Mandalgovi,MN,2022-01-24 00:29:49,45.7625,106.2708,3.09,86,78,10.31
276,San Cristobal,VE,2022-01-24 00:29:49,7.7669,-72.225,73.58,75,83,1.23
277,Bongandanga,CD,2022-01-24 00:30:50,1.5,21.05,76.71,58,81,3.2
278,Russell,US,2022-01-24 00:30:50,32.3502,-85.1999,46.0,56,0,4.61
279,Santa Maria,BR,2022-01-24 00:30:50,-29.6842,-53.8069,76.3,94,75,8.05
280,Nadvoitsy,RU,2022-01-24 00:30:51,63.8667,34.3167,32.22,94,100,14.32
281,Bac Lieu,VN,2022-01-24 00:30:51,9.285,105.7244,77.38,77,5,5.75
282,Kudahuvadhoo,MV,2022-01-24 00:30:51,2.6708,72.8944,80.47,74,44,10.78
283,Norman Wells,CA,2022-01-24 00:30:52,65.282,-126.8329,5.04,78,75,5.75
284,Alibunan,PH,2022-01-24 00:30:52,11.1465,122.4591,80.31,80,80,8.86
285,Saint-Leu,RE,2022-01-24 00:30:53,-21.15,55.2833,77.83,79,11,8.77
286,Sitka,US,2022-01-24 00:27:31,57.0531,-135.33,39.09,93,100,0.0
287,Batemans Bay,AU,2022-01-24 00:30:53,-35.7167,150.1833,79.2,58,100,7.54
288,Hirara,JP,2022-01-24 00:30:53,24.8,125.2833,69.66,94,75,3.44
289,Mount Gambier,AU,2022-01-24 00:30:54,-37.8333,140.7667,87.71,27,83,11.5
290,Cahir,IE,2022-01-24 00:30:54,52.3769,-7.9217,47.1,90,100,5.28
291,Dubai,AE,2022-01-24 00:27:29,25.2582,55.3047,66.22,63,0,4.61
292,Carutapera,BR,2022-01-24 00:30:55,-1.195,-46.02,76.6,92,100,5.91
293,Korem,ET,2022-01-24 00:30:55,12.5058,39.5228,48.34,68,65,2.37
294,Pochutla,MX,2022-01-24 00:30:56,15.7432,-96.4661,82.81,70,0,4.74
295,Ormara,PK,2022-01-24 00:30:56,25.2088,64.6357,60.1,29,0,12.57
296,Marsa Matruh,EG,2022-01-24 00:27:54,31.3525,27.2453,51.22,61,84,16.24
297,Narsaq,GL,2022-01-24 00:30:57,60.9167,-46.05,23.22,69,100,7.81
298,Phan Thiet,VN,2022-01-24 00:30:57,10.9333,108.1,77.63,68,64,3.94
299,Acarau,BR,2022-01-24 00:30:57,-2.8856,-40.12,78.94,73,86,14.29
300,Senneterre,CA,2022-01-24 00:30:58,48.3835,-77.2328,-10.98,99,59,3.36
301,Meulaboh,ID,2022-01-24 00:30:58,4.1363,96.1285,76.03,88,64,3.51
302,Ilulissat,GL,2022-01-24 00:30:58,69.2167,-51.1,14.02,52,100,16.11
303,Olavarria,AR,2022-01-24 00:30:59,-36.8927,-60.3225,70.86,62,2,4.05
304,Georgetown,MY,2022-01-24 00:30:57,5.4112,100.3354,78.73,98,20,1.01
305,Leninskoye,KZ,2022-01-24 00:30:59,41.7589,69.3864,31.93,66,2,2.95
306,Buala,SB,2022-01-24 00:31:00,-8.145,159.5921,87.15,65,100,7.61
307,Bethel,US,2022-01-24 00:31:00,41.3712,-73.414,33.04,79,100,5.75
308,Muros,ES,2022-01-24 00:31:00,42.7762,-9.0603,45.23,94,0,3.89
309,Acurenam,GQ,2022-01-24 00:31:00,1.0322,10.6488,68.99,94,11,3.24
310,Susangerd,IR,2022-01-24 00:31:01,31.5608,48.1831,42.82,32,0,4.0
311,Saskylakh,RU,2022-01-24 00:31:01,71.9167,114.0833,-22.09,100,99,4.41
312,Santa Cruz De La Palma,ES,2022-01-24 00:31:02,28.6835,-17.7642,64.54,77,20,2.3
313,Wolgast,DE,2022-01-24 00:31:02,54.05,13.7667,41.86,92,100,7.9
314,Aksarka,RU,2022-01-24 00:31:02,66.5606,67.7975,-0.24,99,81,10.56
315,Gat,IL,2022-01-24 00:27:02,31.61,34.7642,51.4,100,83,10.56
316,Lebedyan,RU,2022-01-24 00:31:03,53.0194,39.1664,11.86,95,100,11.7
317,Leer,DE,2022-01-24 00:28:09,53.2316,7.461,41.13,88,3,6.2
318,Tecoanapa,MX,2022-01-24 00:31:03,16.5167,-98.75,79.5,66,0,9.57
319,Ponta Do Sol,PT,2022-01-24 00:31:03,32.6667,-17.1,63.72,80,97,4.85
320,Nong Khae,TH,2022-01-24 00:31:04,14.3406,100.8673,73.94,64,0,2.3
321,Bilma,NE,2022-01-24 00:29:04,18.6853,12.9164,57.76,22,84,13.38
322,Topolobampo,MX,2022-01-24 00:32:05,25.6,-109.05,70.05,56,75,16.11
323,Iskateley,RU,2022-01-24 00:32:05,67.6803,53.1512,10.4,90,92,19.8
324,Valparaiso,CL,2022-01-24 00:27:47,-33.0393,-71.6273,62.96,74,1,17.72
325,Bandarbeyla,SO,2022-01-24 00:32:05,9.4942,50.8122,74.21,71,86,16.69
326,Yumen,CN,2022-01-24 00:32:06,40.2833,97.2,16.2,55,0,1.1
327,Ous,RU,2022-01-24 00:32:06,60.9058,61.5186,14.23,91,100,3.58
328,Olinda,BR,2022-01-24 00:32:06,-8.0089,-34.8553,82.13,65,20,4.61
329,Nishihara,JP,2022-01-24 00:32:07,26.1842,127.7558,69.85,94,75,12.66
330,Kontagora,NG,2022-01-24 00:32:07,10.3999,5.4695,71.29,17,0,6.6
331,Conde,BR,2022-01-24 00:32:07,-7.2597,-34.9075,78.26,83,0,5.75
332,Yilan,TW,2022-01-24 00:32:08,24.757,121.753,64.81,94,100,5.88
333,Honningsvag,NO,2022-01-24 00:32:08,70.9821,25.9704,41.63,86,100,44.74
334,Abbeville,FR,2022-01-24 00:32:09,50.1,1.8333,39.27,92,5,5.32
335,Hoquiam,US,2022-01-24 00:28:11,46.9809,-123.8893,53.02,83,0,11.5
336,Limpapa,PH,2022-01-24 00:32:09,7.1197,121.9106,79.93,78,94,7.11
337,Presidente Medici,BR,2022-01-24 00:32:09,-11.1753,-61.9014,73.9,96,51,1.81
338,Danville,US,2022-01-24 00:32:10,36.586,-79.395,37.83,48,0,4.61
339,Khatanga,RU,2022-01-24 00:32:10,71.9667,102.5,-17.61,100,100,4.59
340,Nambour,AU,2022-01-24 00:32:11,-26.6333,152.95,81.99,71,99,1.01
341,Kruisfontein,ZA,2022-01-24 00:32:11,-34.0033,24.7314,73.27,34,0,11.01
342,Siteki,SZ,2022-01-24 00:32:11,-26.45,31.95,59.58,87,71,3.65
343,Madison,US,2022-01-24 00:32:12,34.7334,-86.5667,41.94,62,0,1.01
344,Alofi,NU,2022-01-24 00:32:12,-19.0595,-169.9187,85.89,74,45,10.36
345,Deputatskiy,RU,2022-01-24 00:32:13,69.3,139.9,-22.27,98,100,4.97
346,Salamiyah,SY,2022-01-24 00:32:13,35.0113,37.0532,38.82,86,47,12.82
347,Saint-Augustin,CA,2022-01-24 00:32:13,51.226,-58.6502,8.62,97,99,0.92
348,Nanakuli,US,2022-01-24 00:32:14,21.3906,-158.1547,82.35,57,40,8.05
349,Puri,IN,2022-01-24 00:32:14,19.8,85.85,68.52,87,0,12.3
350,Yatou,CN,2022-01-24 00:32:14,37.15,122.3833,34.72,61,41,10.69
351,Makakilo City,US,2022-01-24 00:32:15,21.3469,-158.0858,80.92,56,40,8.05
352,Buta,CD,2022-01-24 00:32:15,2.7858,24.73,74.41,47,100,2.84
353,Dingle,PH,2022-01-24 00:32:15,10.9995,122.6711,81.21,79,74,10.83
354,Alice Springs,AU,2022-01-24 00:30:10,-23.7,133.8833,85.55,62,20,4.61
355,Santa Rosa,PH,2022-01-24 00:32:16,14.3122,121.1114,82.09,76,81,5.19
356,Vanimo,PG,2022-01-24 00:32:16,-2.6741,141.3028,84.33,70,98,2.8
357,Constantine,DZ,2022-01-24 00:32:16,36.365,6.6147,36.81,75,20,2.3
358,Natal,BR,2022-01-24 00:30:02,-5.795,-35.2094,81.25,78,20,5.75
359,Ozerne,UA,2022-01-24 00:32:17,50.1782,28.7338,11.66,98,92,8.52
360,Nemuro,JP,2022-01-24 00:32:17,43.3236,145.575,18.03,61,95,5.3
361,Sisophon,KH,2022-01-24 00:32:17,13.5859,102.9737,75.67,71,0,6.35
362,Teguldet,RU,2022-01-24 00:32:18,57.3064,88.1667,-9.71,100,100,2.62
363,Ruteng,ID,2022-01-24 00:32:18,-8.6136,120.4721,72.59,63,95,2.71
364,Tazovskiy,RU,2022-01-24 00:32:18,67.4667,78.7,-7.69,100,100,7.31
365,Farafangana,MG,2022-01-24 00:33:19,-22.8167,47.8333,76.64,89,91,18.23
366,Vega De Alatorre,MX,2022-01-24 00:33:19,20.0333,-96.6333,64.69,86,30,9.75
367,Kapoeta,SS,2022-01-24 00:30:21,4.7717,33.5903,79.75,28,3,6.24
368,Pueblo Bello,CO,2022-01-24 00:33:20,8.2041,-76.526,79.3,96,97,2.15
369,Kohima,IN,2022-01-24 00:33:20,25.6667,94.1167,45.91,96,100,2.93
370,Sao Filipe,CV,2022-01-24 00:33:20,14.8961,-24.4956,74.35,73,100,15.43
371,Nalut,LY,2022-01-24 00:33:21,30.3333,10.85,42.46,67,2,7.78
372,Raton,US,2022-01-24 00:33:21,36.9034,-104.4391,43.41,34,0,11.5
373,Rio Grande,BR,2022-01-24 00:30:07,-32.035,-52.0986,77.95,91,98,7.52
374,Moerai,PF,2022-01-24 00:33:22,-22.4333,-151.3333,79.86,84,100,21.59
375,Chirilagua,SV,2022-01-24 00:33:22,13.2203,-88.1386,87.49,67,94,3.31
376,Cambuci,BR,2022-01-24 00:33:22,-21.5753,-41.9111,71.35,95,1,3.31
377,Vardo,NO,2022-01-24 00:33:22,70.3705,31.1107,39.79,82,100,42.23
378,Tepalcingo,MX,2022-01-24 00:33:23,18.6,-98.85,80.15,41,1,1.25
379,Novikovo,RU,2022-01-24 00:33:23,51.1537,37.8879,18.57,92,99,14.29
380,Zarechnyy,RU,2022-01-24 00:33:23,53.2036,45.1923,23.32,42,100,6.49
381,Xinpu,CN,2022-01-24 00:33:24,34.5997,119.1594,32.68,64,87,7.18
382,Constitucion,CL,2022-01-24 00:33:24,-35.3333,-72.4167,58.48,86,0,15.61
383,Ambovombe,MG,2022-01-24 00:30:04,-25.1667,46.0833,73.72,82,82,22.59
384,Muli,MV,2022-01-24 00:33:25,2.9167,73.5667,80.55,75,79,11.79
385,Aklavik,CA,2022-01-24 00:33:25,68.2191,-135.0107,2.23,95,90,7.94
386,Jacareacanga,BR,2022-01-24 00:33:25,-6.2222,-57.7528,74.26,97,100,2.3
387,Lazarev,RU,2022-01-24 00:33:26,52.225,141.5131,-1.35,85,14,4.29
388,Santa Rita,BR,2022-01-24 00:33:26,-7.1139,-34.9781,79.47,83,0,5.75
389,Bermejillo,MX,2022-01-24 00:33:26,25.8833,-103.6167,69.84,47,73,5.01
390,Sanary-Sur-Mer,FR,2022-01-24 00:33:27,43.1178,5.8001,40.95,78,0,1.23
391,Oyek,RU,2022-01-24 00:33:27,52.5861,104.4556,-5.42,98,100,2.59
392,Bathsheba,BB,2022-01-24 00:33:27,13.2167,-59.5167,77.61,73,20,16.11
393,Morehead,US,2022-01-24 00:33:28,37.2711,-87.1764,36.14,69,0,1.99
394,Tiznit,MA,2022-01-24 00:33:28,29.5833,-9.5,54.45,64,98,1.66
395,Turayf,SA,2022-01-24 00:33:29,31.6725,38.6637,37.65,87,0,4.61
396,Norsup,VU,2022-01-24 00:33:29,-16.0667,167.3833,87.37,65,100,4.94
397,Moshenskoye,RU,2022-01-24 00:33:29,58.5102,34.5911,4.03,97,38,6.08
398,Oistins,BB,2022-01-24 00:33:29,13.0667,-59.5333,77.09,73,20,16.11
399,Khorixas,NA,2022-01-24 00:33:30,-20.3667,14.9667,77.61,42,8,4.21
400,Volovo,UA,2022-01-24 00:33:30,48.5246,23.5056,6.89,95,17,5.17
401,La Asuncion,VE,2022-01-24 00:33:31,11.0333,-63.8628,78.53,73,2,16.11
402,Leh,IN,2022-01-24 00:29:22,34.1667,77.5833,5.41,98,100,1.77
403,Usak,TR,2022-01-24 00:33:31,38.5,29.4167,7.93,89,92,6.04
404,Mandera,KE,2022-01-24 00:33:31,3.9366,41.867,75.45,35,5,4.14
405,Mizusawa,JP,2022-01-24 00:33:32,39.1333,141.1333,34.12,70,20,11.48
406,Fortuna,US,2022-01-24 00:32:40,40.5982,-124.1573,65.08,69,0,0.85
407,Halifax,CA,2022-01-24 00:31:56,44.6453,-63.5724,35.6,81,100,3.0
408,Emerald,AU,2022-01-24 00:30:04,-23.5333,148.1667,84.34,54,75,8.05
409,Aquiraz,BR,2022-01-24 00:34:32,-3.9014,-38.3911,82.18,76,0,8.28
410,Iquique,CL,2022-01-24 00:34:33,-20.2208,-70.1431,68.38,84,69,2.8
411,Mazagao,BR,2022-01-24 00:34:33,-0.115,-51.2894,77.05,96,91,3.38
412,Richards Bay,ZA,2022-01-24 00:34:33,-28.783,32.0377,67.14,88,21,5.32
413,Ust-Tsilma,RU,2022-01-24 00:34:34,65.441,52.1498,9.63,91,70,8.88
414,Kenora,CA,2022-01-24 00:34:34,49.8167,-94.4337,-0.42,77,100,6.91
415,Mongo,TD,2022-01-24 00:34:34,12.1844,18.693,66.78,15,0,7.05
416,Ozernovskiy,RU,2022-01-24 00:34:35,51.5,156.5167,27.19,68,100,11.54
417,Saint Anthony,US,2022-01-24 00:34:35,45.0205,-93.218,7.25,70,100,4.0
418,Parauna,BR,2022-01-24 00:34:36,-16.9478,-50.4486,73.72,79,100,3.22
419,Milkovo,RU,2022-01-24 00:34:36,54.7167,158.6167,3.06,81,50,0.49
420,Skelleftea,SE,2022-01-24 00:34:36,64.7507,20.9528,42.01,58,100,3.0
421,Ilihan,PH,2022-01-24 00:34:36,13.6256,121.0753,78.1,78,67,8.12
422,Kato Glikovrisi,GR,2022-01-24 00:34:37,36.8333,22.7833,40.68,59,25,4.52
423,Norfolk,US,2022-01-24 00:34:37,42.1668,-71.2495,32.68,59,100,4.61
424,Poum,NC,2022-01-24 00:34:37,-20.2333,164.0167,80.89,69,100,11.34
425,Ereymentau,KZ,2022-01-24 00:34:38,51.6199,73.1033,-5.96,98,68,6.15
426,Udachnyy,RU,2022-01-24 00:33:45,66.4167,112.4,7.45,84,100,9.8
427,Rehoboth,NA,2022-01-24 00:34:38,-23.3167,17.0833,69.01,43,1,13.15
428,Alugan,PH,2022-01-24 00:34:38,12.2188,125.4808,79.48,91,73,11.48
429,Gorontalo,ID,2022-01-24 00:34:39,0.5412,123.0595,86.13,67,28,2.35
430,Micheweni,TZ,2022-01-24 00:34:39,-4.9667,39.8333,80.69,71,99,15.3
431,Kidal,ML,2022-01-24 00:34:40,18.4411,1.4078,61.77,17,3,10.6
432,Luang Prabang,LA,2022-01-24 00:34:40,19.8856,102.1347,57.16,100,100,0.0
433,Vanavara,RU,2022-01-24 00:34:40,60.34,102.2797,-10.97,100,100,2.77
434,Abaza,RU,2022-01-24 00:34:41,52.655,90.0928,3.43,96,100,3.33
435,Tuzah,TN,2022-01-24 00:34:41,35.6354,10.8273,44.98,87,20,4.61
436,Den Helder,NL,2022-01-24 00:34:41,52.9599,4.7593,43.02,87,100,5.01
437,Acapulco,MX,2022-01-24 00:30:58,16.8634,-99.8901,84.02,61,0,11.5
438,Eatonton,US,2022-01-24 00:34:42,33.3268,-83.3885,45.45,54,24,6.13
439,Karlskoga,SE,2022-01-24 00:34:42,59.3267,14.5239,38.91,94,100,13.76
440,Kalabo,ZM,2022-01-24 00:34:42,-14.97,22.6814,65.86,88,100,7.27
441,Cockburn Town,TC,2022-01-24 00:34:43,21.4612,-71.1419,78.15,75,0,8.52
442,Fairlie,GB,2022-01-24 00:34:43,55.756,-4.8556,45.23,86,100,17.18
443,Coruripe,BR,2022-01-24 00:34:43,-10.1256,-36.1756,78.35,82,97,8.34
444,Magadan,RU,2022-01-24 00:34:43,59.5667,150.8,-12.48,79,67,8.48
445,Tuatapere,NZ,2022-01-24 00:34:44,-46.1333,167.6833,61.83,50,6,6.46
446,Bud,US,2022-01-24 00:34:44,39.447,-86.1758,28.49,66,60,4.88
447,Chalmette,US,2022-01-24 00:34:44,29.9427,-89.9634,48.99,54,0,1.99
448,Marsh Harbour,BS,2022-01-24 00:34:45,26.5412,-77.0636,70.34,75,6,4.81
449,Elizabeth City,US,2022-01-24 00:34:45,36.2946,-76.2511,39.22,72,0,1.99
450,Taltal,CL,2022-01-24 00:30:20,-25.4,-70.4833,66.04,75,100,3.62
451,Qurayyat,SA,2022-01-24 00:34:46,31.3318,37.3428,41.18,75,0,2.3
452,Touros,BR,2022-01-24 00:34:46,-5.1989,-35.4608,81.5,74,10,10.83
453,Muscatine,US,2022-01-24 00:34:55,41.4667,-91.1335,17.69,58,75,8.05
454,Hofn,IS,2022-01-24 00:35:46,64.2539,-15.2082,30.13,53,0,14.0
455,Likasi,CD,2022-01-24 00:35:47,-10.9814,26.7333,61.63,97,100,3.33
456,Talara,PE,2022-01-24 00:35:47,-4.5772,-81.2719,71.1,84,39,13.58
457,Lumeje,AO,2022-01-24 00:35:47,-11.55,20.7833,63.07,95,65,2.17
458,Wilmington,US,2022-01-24 00:30:52,34.2257,-77.9447,42.85,63,0,5.75
459,Monte Alegre,BR,2022-01-24 00:35:48,-2.0078,-54.0692,76.14,89,96,0.43
460,Gushikawa,JP,2022-01-24 00:35:48,26.3544,127.8686,69.8,91,75,9.22
461,Vao,NC,2022-01-24 00:35:48,-22.6667,167.4833,76.86,67,4,7.38
462,Inhambane,MZ,2022-01-24 00:35:49,-23.865,35.3833,76.03,86,91,17.96
463,Aykhal,RU,2022-01-24 00:35:49,66.0,111.5,5.41,97,100,4.5
464,Teya,RU,2022-01-24 00:35:49,60.3778,92.6267,-0.63,99,100,3.09
465,Vallenar,CL,2022-01-24 00:35:50,-28.5708,-70.7581,71.1,55,99,4.9
466,Genoa,IT,2022-01-24 00:35:50,44.4129,8.9573,49.42,85,75,5.01
467,Chunskiy,RU,2022-01-24 00:35:50,56.0815,99.6342,1.29,99,100,0.49
468,Divnogorsk,RU,2022-01-24 00:35:51,55.9594,92.3619,-1.26,100,95,2.64
469,Shu,KZ,2022-01-24 00:35:51,43.5983,73.7614,26.51,91,100,4.38
470,Socorro,US,2022-01-24 00:35:51,31.6546,-106.3033,52.81,38,40,6.91
471,Segezha,RU,2022-01-24 00:35:52,63.7415,34.3222,31.82,94,100,15.55
472,Bolshaya Martynovka,RU,2022-01-24 00:35:52,47.271,41.6679,23.18,97,99,12.64
473,Nosy Varika,MG,2022-01-24 00:35:52,-20.5833,48.5333,77.61,87,100,11.21
474,San Luis De La Paz,MX,2022-01-24 00:35:53,21.3,-100.5167,56.93,59,32,7.43
475,Srikakulam,IN,2022-01-24 00:35:53,18.3,83.9,68.56,86,15,5.93
476,Salmo,CA,2022-01-24 00:35:53,49.1999,-117.2689,33.78,97,100,0.4
477,Guerrero Negro,MX,2022-01-24 00:35:54,27.9769,-114.0611,63.12,49,100,10.09
478,Kalemie,CD,2022-01-24 00:35:23,-5.9475,29.1947,67.78,88,98,4.81
479,Tacoaleche,MX,2022-01-24 00:35:54,22.8167,-102.4167,64.85,41,96,11.5
480,Fallon,US,2022-01-24 00:35:54,39.4735,-118.7774,48.07,38,20,3.44
481,Praia Da Vitoria,PT,2022-01-24 00:35:55,38.7333,-27.0667,62.85,67,20,6.13
482,Sechura,PE,2022-01-24 00:35:55,-5.5569,-80.8222,73.31,73,31,16.49
483,Monastyrshchina,RU,2022-01-24 00:35:55,54.3496,31.838,-3.05,100,100,3.67
484,Bemidji,US,2022-01-24 00:33:42,47.4736,-94.8803,4.05,85,100,6.91
485,Holland,US,2022-01-24 00:34:09,42.7875,-86.1089,20.41,81,100,3.44
486,Lake Wales,US,2022-01-24 00:35:56,27.9014,-81.5859,46.8,91,40,4.61
487,Abnub,EG,2022-01-24 00:35:56,27.2696,31.1511,46.62,68,5,6.38
488,Les Cayes,HT,2022-01-24 00:35:57,18.2,-73.75,75.15,78,38,2.44
489,Noyabrsk,RU,2022-01-24 00:35:57,63.1994,75.4507,-8.7,100,69,4.81
490,Mareeba,AU,2022-01-24 00:35:57,-17.0,145.4333,83.48,72,100,5.68
491,Bara,NG,2022-01-24 00:35:58,10.3744,10.7288,64.85,21,0,8.95
492,Haines Junction,CA,2022-01-24 00:35:25,60.7522,-137.5108,24.75,86,100,0.0
493,Bardiyah,LY,2022-01-24 00:35:58,31.7561,25.0865,49.14,55,72,10.38
494,Gari,RU,2022-01-24 00:35:58,59.4307,62.3497,14.32,93,100,5.55
495,Kitgum,UG,2022-01-24 00:35:59,3.2783,32.8867,71.83,40,65,3.76
496,Gulmarg,IN,2022-01-24 00:35:59,34.049,74.3921,17.92,93,85,1.99
497,Wicklow,IE,2022-01-24 00:35:59,53.0,-6.4167,39.63,89,100,2.84
498,Balikpapan,ID,2022-01-24 00:36:00,-1.2675,116.8289,79.41,81,99,2.59
499,Gravelbourg,CA,2022-01-24 00:37:00,49.8834,-106.5512,32.27,98,100,17.67
500,Kitui,KE,2022-01-24 00:37:00,-1.367,38.0106,63.32,70,100,5.86
501,Palmerston,AU,2022-01-24 00:37:01,-12.486,130.9833,84.88,81,75,5.75
502,Kyra,RU,2022-01-24 00:37:01,49.5776,111.9753,4.24,96,100,1.34
503,Saucillo,MX,2022-01-24 00:37:01,28.0167,-105.2833,59.29,37,95,7.16
504,Roebourne,AU,2022-01-24 00:37:01,-20.7833,117.1333,88.68,56,91,5.88
505,Peterhead,GB,2022-01-24 00:37:02,57.5058,-1.7981,45.12,86,100,15.12
506,Hervey Bay,AU,2022-01-24 00:37:02,-25.2986,152.8535,83.01,64,100,4.0
507,Kanke,IN,2022-01-24 00:37:03,23.4333,85.3167,57.22,100,100,4.61
508,Aasiaat,GL,2022-01-24 00:37:03,68.7098,-52.8699,5.76,88,100,11.92
509,Oriximina,BR,2022-01-24 00:37:04,-1.7656,-55.8661,75.25,95,100,0.45
510,Coahuayana,MX,2022-01-24 00:37:04,18.7333,-103.6833,81.88,72,68,2.68
511,Inuvik,CA,2022-01-24 00:37:04,68.3499,-133.7218,2.41,78,75,3.44
512,Los Andes,CL,2022-01-24 00:37:04,-32.8337,-70.5983,74.01,37,0,2.39
513,Cabedelo,BR,2022-01-24 00:37:05,-6.9811,-34.8339,79.47,76,87,9.42
514,Popondetta,PG,2022-01-24 00:37:05,-8.7537,148.2534,87.46,63,86,4.79
515,Icoana,RO,2022-01-24 00:37:05,44.4167,24.7167,25.36,71,71,4.63
516,Harper,LR,2022-01-24 00:37:06,4.375,-7.7169,77.29,86,5,5.1
517,Santa Isabel Do Rio Negro,BR,2022-01-24 00:37:06,-0.4139,-65.0192,75.27,94,100,2.66
518,Bilibino,RU,2022-01-24 00:37:07,68.0546,166.4372,-27.99,96,100,4.29
519,Tungor,RU,2022-01-24 00:37:07,53.3808,142.9564,0.46,88,8,13.29
520,Namatanai,PG,2022-01-24 00:37:07,-3.6667,152.4333,85.39,67,84,5.23
521,Ca Mau,VN,2022-01-24 00:37:07,9.1769,105.15,78.62,71,30,4.36
522,Sarakhs,IR,2022-01-24 00:37:08,36.5449,61.1577,33.94,64,0,2.3
523,Balabac,PH,2022-01-24 00:37:08,7.9868,117.0645,81.84,73,8,7.05
524,Itarema,BR,2022-01-24 00:37:08,-2.9248,-39.9167,78.67,73,73,12.53
525,Gorom-Gorom,BF,2022-01-24 00:37:09,14.4439,-0.2361,64.6,14,0,9.66
526,Nelson Bay,AU,2022-01-24 00:37:09,-32.7167,152.15,78.96,75,99,3.0
527,Dwarka,IN,2022-01-24 00:37:09,22.2394,68.9678,62.31,46,0,5.7
528,Mindelo,CV,2022-01-24 00:37:10,16.8901,-24.9804,76.55,38,0,20.71
529,Mildura,AU,2022-01-24 00:37:10,-34.2,142.15,91.36,25,97,9.22
530,Bubaque,GW,2022-01-24 00:37:10,11.2833,-15.8333,78.98,76,39,8.5
531,Moyo,UG,2022-01-24 00:37:11,3.6609,31.7247,76.32,34,100,2.46
532,Tokur,RU,2022-01-24 00:37:11,53.1333,132.9,-14.66,97,97,2.51
533,Catuday,PH,2022-01-24 00:37:11,16.2923,119.8062,80.17,72,9,11.88
534,Bull Savanna,JM,2022-01-24 00:37:12,17.8868,-77.5902,73.4,80,76,2.39
535,La Ronge,CA,2022-01-24 00:35:25,55.1001,-105.2842,-3.75,84,0,4.61
536,Ponta Delgada,PT,2022-01-24 00:37:12,37.7333,-25.6667,59.5,82,20,8.05
537,Nekrasovka,RU,2022-01-24 00:37:12,48.3525,135.2325,-12.98,76,83,2.24
538,Biak,ID,2022-01-24 00:37:13,-0.9131,122.8766,82.6,66,79,2.26
539,Porto Novo,BJ,2022-01-24 00:37:13,6.4965,2.6036,76.01,83,4,2.73
540,Castelldefels,ES,2022-01-24 00:37:13,41.2779,1.9703,48.88,88,20,12.66
541,Juneau,US,2022-01-24 00:37:14,58.3019,-134.4197,40.21,97,75,0.0
542,The Pas,CA,2022-01-24 00:37:14,53.8251,-101.2541,-5.78,77,0,8.05
543,Vung Tau,VN,2022-01-24 00:37:14,10.346,107.0843,76.98,82,17,6.26
544,Kalmunai,LK,2022-01-24 00:37:15,7.4167,81.8167,70.29,83,38,5.17
545,Sayyan,YE,2022-01-24 00:37:15,15.1718,44.3244,50.32,65,1,1.68
546,Soe,ID,2022-01-24 00:38:15,-9.8607,124.284,77.5,66,79,2.35
547,Quatre Cocos,MU,2022-01-24 00:37:52,-20.2078,57.7625,78.91,78,14,8.41
548,Tarko-Sale,RU,2022-01-24 00:38:16,64.9225,77.785,-14.64,100,100,5.08
549,Zhenlai,CN,2022-01-24 00:38:16,45.8495,123.2973,3.51,93,100,4.76
550,Fort Nelson,CA,2022-01-24 00:38:17,58.8053,-122.7002,24.39,93,75,2.3
551,Saint-Francois,FR,2022-01-24 00:38:17,46.4154,3.9054,33.48,92,100,3.44
552,Road Town,VG,2022-01-24 00:36:44,18.4167,-64.6167,75.24,78,20,4.61
553,Mananjary,MG,2022-01-24 00:38:17,-21.2167,48.3333,77.0,89,61,10.25
554,Huntington,US,2022-01-24 00:38:18,38.4193,-82.4452,36.5,75,100,8.05
555,Havoysund,NO,2022-01-24 00:38:18,70.9963,24.6622,45.48,93,100,47.22
556,Sao Gabriel Da Cachoeira,BR,2022-01-24 00:38:19,-0.1303,-67.0892,73.62,98,63,1.88
557,Mormugao,IN,2022-01-24 00:38:19,15.4,73.8,71.49,62,96,8.08
558,Tahta,EG,2022-01-24 00:38:19,26.7693,31.5021,46.72,60,0,6.67
559,Nabire,ID,2022-01-24 00:38:19,-3.3667,135.4833,85.69,68,88,1.88
560,Madera,US,2022-01-24 00:34:35,37.1666,-119.8343,64.0,53,0,2.75
561,Bontang,ID,2022-01-24 00:38:20,0.1333,117.5,79.57,82,25,2.98
562,Kargil,IN,2022-01-24 00:38:20,34.5667,76.1,9.39,97,100,1.81
563,Havre-Saint-Pierre,CA,2022-01-24 00:38:21,50.2334,-63.5986,21.2,68,75,13.8
564,Lompoc,US,2022-01-24 00:38:21,34.6391,-120.4579,69.13,62,0,8.05
565,Povolzhskiy,RU,2022-01-24 00:38:21,53.5854,49.7629,10.02,95,100,5.12
566,Price,US,2022-01-24 00:38:21,39.5994,-110.8107,42.06,36,0,3.44
567,Yekaterinoslavka,RU,2022-01-24 00:38:22,50.3734,129.1139,-6.72,97,69,4.21
568,Gao,ML,2022-01-24 00:38:22,16.6362,1.637,62.28,18,0,11.7
