City_ID,City,Country,Date,Lat,Lng,Max Temp,Humidity,Cloudiness,Wind Speed,City Description
0,Albany,US,2022-01-24 15:19:30,42.6001,-73.9662,21.81,64,13,3.62,few clouds
1,Kharan,PK,2022-01-24 15:19:30,28.5833,65.4167,49.33,33,0,5.3,clear sky
2,Oussouye,SN,2022-01-24 15:19:30,12.485,-16.5469,94.12,15,91,1.43,overcast clouds
3,Mahebourg,MU,2022-01-24 15:19:31,-20.4081,57.7,79.09,69,40,13.8,scattered clouds
4,Avarua,CK,2022-01-24 15:19:31,-21.2078,-159.775,80.65,89,75,11.5,broken clouds
5,Tautira,PF,2022-01-24 15:19:31,-17.7333,-149.15,77.02,80,100,16.26,overcast clouds
6,Caravelas,BR,2022-01-24 15:19:32,-17.7125,-39.2481,84.22,61,100,7.96,overcast clouds
7,Bluff,NZ,2022-01-24 15:19:32,-46.6,168.3333,50.85,82,100,9.46,overcast clouds
8,Barrow,US,2022-01-24 15:18:55,71.2906,-156.7887,6.82,78,100,24.16,light snow
9,At-Bashi,KG,2022-01-24 15:19:32,41.1702,75.8106,-2.31,84,6,2.82,clear sky
10,Terrace,CA,2022-01-24 15:19:33,54.5163,-128.6035,37.31,100,100,9.22,light intensity drizzle
11,Tilichiki,RU,2022-01-24 15:19:33,60.4667,166.1,-21.69,95,73,7.02,broken clouds
12,East London,ZA,2022-01-24 15:19:33,-33.0153,27.9116,74.34,73,0,17.27,clear sky
13,Red Wing,US,2022-01-24 15:19:34,44.5625,-92.5338,10.31,81,100,1.01,overcast clouds
14,Sakleshpur,IN,2022-01-24 15:19:34,12.9667,75.7833,59.18,82,9,5.21,clear sky
15,Busselton,AU,2022-01-24 15:19:34,-33.65,115.3333,62.1,72,3,12.12,clear sky
16,Egvekinot,RU,2022-01-24 15:19:35,66.3167,-179.1667,-22.38,87,6,10.76,clear sky
17,Port Alfred,ZA,2022-01-24 15:19:35,-33.5906,26.891,77.02,71,2,13.62,clear sky
18,Port Hardy,CA,2022-01-24 15:15:26,50.6996,-127.4199,38.75,93,100,3.44,fog
19,Cape Town,ZA,2022-01-24 15:18:55,-33.9258,18.4232,78.12,66,75,8.01,broken clouds
20,New Norfolk,AU,2022-01-24 15:19:36,-42.7826,147.0587,62.71,69,100,0.56,overcast clouds
21,Dibulla,CO,2022-01-24 15:19:36,11.2725,-73.3091,82.33,59,84,9.57,broken clouds
22,Kununurra,AU,2022-01-24 15:19:36,-15.7667,128.7333,75.18,100,75,6.91,moderate rain
23,Port Keats,AU,2022-01-24 15:19:37,-14.25,129.55,80.62,83,98,9.15,light rain
24,Iskateley,RU,2022-01-24 15:19:37,67.6803,53.1512,17.11,92,100,24.45,light snow
25,Rikitea,PF,2022-01-24 15:19:38,-23.1203,-134.9692,78.1,75,100,16.53,overcast clouds
26,Dikson,RU,2022-01-24 15:19:38,73.5069,80.5464,8.44,93,100,27.29,overcast clouds
27,Yueyang,CN,2022-01-24 15:19:38,29.3333,113.0919,39.15,91,100,5.88,overcast clouds
28,Mataura,NZ,2022-01-24 15:19:39,-46.1927,168.8643,42.96,98,98,1.36,overcast clouds
29,Kaitangata,NZ,2022-01-24 15:19:39,-46.2817,169.8464,46.31,94,100,4.32,overcast clouds
30,Hilo,US,2022-01-24 15:19:39,19.7297,-155.09,67.8,79,0,9.22,clear sky
31,Emilio Carranza,MX,2022-01-24 15:19:39,19.9711,-96.6114,68.16,81,62,1.07,broken clouds
32,Umm Kaddadah,SD,2022-01-24 15:19:40,13.6017,26.6876,78.91,11,20,14.25,few clouds
33,Olafsvik,IS,2022-01-24 15:19:40,64.8945,-23.7142,37.31,64,100,12.01,overcast clouds
34,Kavieng,PG,2022-01-24 15:19:40,-2.5744,150.7967,82.36,74,98,5.41,overcast clouds
35,Doume,CM,2022-01-24 15:19:41,4.2333,13.45,97.07,13,0,3.94,clear sky
36,Jamestown,US,2022-01-24 15:19:33,42.097,-79.2353,14.72,61,100,5.99,overcast clouds
37,Ayagoz,KZ,2022-01-24 15:19:41,47.9714,80.4392,2.17,92,100,11.74,overcast clouds
38,Airai,TL,2022-01-24 15:19:42,-8.9266,125.4092,61.86,89,100,1.28,overcast clouds
39,Puerto Escondido,MX,2022-01-24 15:19:42,15.85,-97.0667,77.83,83,0,6.91,clear sky
40,Vydrino,RU,2022-01-24 15:19:42,51.485,104.8461,14.04,95,100,3.31,light snow
41,Nikolskoye,RU,2022-01-24 15:19:43,59.7035,30.7861,31.87,92,100,12.03,light snow
42,Kasane,BW,2022-01-24 15:19:43,-17.8167,25.15,86.09,37,20,6.91,few clouds
43,Eganville,CA,2022-01-24 15:20:43,45.5334,-77.0994,2.01,76,94,6.76,overcast clouds
44,Isangel,VU,2022-01-24 15:20:44,-19.55,169.2667,80.2,84,28,2.75,scattered clouds
45,Bambous Virieux,MU,2022-01-24 15:20:44,-20.3428,57.7575,79.05,69,40,13.8,scattered clouds
46,Marzuq,YE,2022-01-24 15:20:44,14.4,46.4667,72.34,30,10,6.82,clear sky
47,Castro,BR,2022-01-24 15:20:45,-24.7911,-50.0119,85.05,47,0,3.65,clear sky
48,Severo-Kurilsk,RU,2022-01-24 15:20:45,50.6789,156.125,22.51,72,90,9.42,overcast clouds
49,Luderitz,NA,2022-01-24 15:20:45,-26.6481,15.1594,85.26,48,59,18.23,broken clouds
50,Kapaa,US,2022-01-24 15:20:46,22.0752,-159.319,71.92,65,0,13.8,clear sky
51,Kupang,ID,2022-01-24 15:20:46,-10.1667,123.5833,79.38,94,40,2.3,scattered clouds
52,Saint-Joseph,RE,2022-01-24 15:20:46,-21.3667,55.6167,77.38,75,67,17.58,broken clouds
53,Douentza,ML,2022-01-24 15:20:47,14.9951,-2.9517,86.04,7,1,12.46,clear sky
54,Pevek,RU,2022-01-24 15:20:47,69.7008,170.3133,-17.28,97,100,11.01,light snow
55,Upernavik,GL,2022-01-24 15:20:47,72.7868,-56.1549,-3.48,71,100,8.84,overcast clouds
56,Vardo,NO,2022-01-24 15:20:48,70.3705,31.1107,32.2,74,0,19.57,clear sky
57,Atuona,PF,2022-01-24 15:20:48,-9.8,-139.0333,77.97,76,6,17.02,clear sky
58,Adrar,MR,2022-01-24 15:20:48,20.5022,-10.0711,82.71,11,96,13.73,overcast clouds
59,Chokurdakh,RU,2022-01-24 15:20:49,70.6333,147.9167,-20.87,99,100,5.32,overcast clouds
60,Kruisfontein,ZA,2022-01-24 15:20:49,-34.0033,24.7314,77.88,64,4,26.96,clear sky
61,Cherskiy,RU,2022-01-24 15:20:49,68.75,161.3,-27.29,99,100,7.23,overcast clouds
62,Coquimbo,CL,2022-01-24 15:20:49,-29.9533,-71.3436,65.93,77,20,13.8,few clouds
63,Khatanga,RU,2022-01-24 15:20:50,71.9667,102.5,0.93,94,100,13.44,overcast clouds
64,Labuhan,ID,2022-01-24 15:20:50,-6.8844,112.2051,79.84,84,50,13.87,scattered clouds
65,Walvis Bay,NA,2022-01-24 15:20:51,-22.9575,14.5053,94.15,31,26,14.97,scattered clouds
66,Lagoa,PT,2022-01-24 15:20:51,39.05,-27.9833,58.32,65,99,4.54,overcast clouds
67,Yellowknife,CA,2022-01-24 15:20:51,62.456,-114.3525,-18.58,91,20,6.91,few clouds
68,Kaeo,NZ,2022-01-24 15:20:52,-35.1,173.7833,69.33,91,86,10.63,overcast clouds
69,Bossangoa,CF,2022-01-24 15:20:52,6.4926,17.4552,96.58,11,61,6.26,broken clouds
70,Ayan,RU,2022-01-24 15:20:52,56.45,138.1667,-1.79,81,1,8.46,clear sky
71,Atbasar,KZ,2022-01-24 15:20:52,51.8,68.3333,-6.23,100,17,4.81,few clouds
72,Carutapera,BR,2022-01-24 15:20:53,-1.195,-46.02,82.99,59,100,8.57,overcast clouds
73,Lafiagi,NG,2022-01-24 15:20:53,8.8667,5.4167,100.56,10,0,0.67,clear sky
74,Kankakee,US,2022-01-24 15:20:53,41.15,-87.8667,25.93,90,100,9.22,overcast clouds
75,Santa Fe,AR,2022-01-24 15:20:54,-31.6333,-60.7,77.47,92,100,4.0,light rain
76,Yumen,CN,2022-01-24 15:20:54,40.2833,97.2,21.34,41,30,6.85,scattered clouds
77,Punta Arenas,CL,2022-01-24 15:20:24,-53.15,-70.9167,55.51,58,0,21.85,clear sky
78,Luxor,EG,2022-01-24 15:20:54,25.6989,32.6421,61.34,31,58,10.13,broken clouds
79,Vila Velha,BR,2022-01-24 15:19:22,-20.3297,-40.2925,90.45,55,20,5.99,few clouds
80,Niesky,DE,2022-01-24 15:18:25,51.2924,14.8211,41.68,90,100,3.89,overcast clouds
81,Minas Novas,BR,2022-01-24 15:20:55,-17.2186,-42.5903,82.45,51,98,4.88,overcast clouds
82,Nuevo Progreso,MX,2022-01-24 15:20:55,23.1667,-97.95,67.53,79,86,4.92,overcast clouds
83,Shache,CN,2022-01-24 15:20:56,38.4167,77.2406,32.72,47,1,6.38,clear sky
84,Nova Prata,BR,2022-01-24 15:20:56,-28.7839,-51.61,95.29,30,9,2.73,clear sky
85,Butaritari,KI,2022-01-24 15:20:56,3.0707,172.7902,82.02,70,44,15.17,scattered clouds
86,Qaanaaq,GL,2022-01-24 15:20:57,77.484,-69.3632,-7.91,95,98,6.04,overcast clouds
87,Hobart,AU,2022-01-24 15:17:22,-42.8794,147.3294,63.05,86,100,6.91,overcast clouds
88,Hermanus,ZA,2022-01-24 15:29:23,-34.4187,19.2345,77.9,76,42,10.45,scattered clouds
89,Calvinia,ZA,2022-01-24 15:29:23,-31.4707,19.776,66.81,64,79,14.25,heavy intensity rain
90,Teguldet,RU,2022-01-24 15:29:24,57.3064,88.1667,4.15,97,100,4.76,overcast clouds
91,Torbay,CA,2022-01-24 15:29:24,47.6666,-52.7314,33.76,91,100,18.41,light rain
92,Juneau,US,2022-01-24 15:29:24,58.3019,-134.4197,40.84,95,75,12.66,broken clouds
93,Vila Franca Do Campo,PT,2022-01-24 15:29:24,37.7167,-25.4333,65.19,65,40,5.57,scattered clouds
94,Lebu,CL,2022-01-24 15:29:25,-37.6167,-73.65,64.17,72,6,15.73,clear sky
95,Cabo San Lucas,MX,2022-01-24 15:29:25,22.8909,-109.9124,61.9,77,0,5.75,clear sky
96,Klaksvik,FO,2022-01-24 15:29:25,62.2266,-6.589,40.12,72,99,17.74,overcast clouds
97,Ndele,CF,2022-01-24 15:29:26,8.4109,20.6473,96.46,12,65,6.44,broken clouds
98,Provideniya,RU,2022-01-24 15:29:26,64.3833,-173.3,1.45,99,100,5.93,overcast clouds
99,Bethel,US,2022-01-24 15:29:26,41.3712,-73.414,28.76,68,40,1.01,scattered clouds
100,Chuy,UY,2022-01-24 15:29:27,-33.6971,-53.4616,83.98,64,38,5.26,scattered clouds
101,Vaini,TO,2022-01-24 15:29:27,-21.2,-175.2,75.36,100,20,3.44,few clouds
102,Tieling,CN,2022-01-24 15:29:27,42.2931,123.8414,12.6,77,41,0.51,scattered clouds
103,Ushuaia,AR,2022-01-24 15:29:28,-54.8,-68.3,51.42,66,75,13.8,light intensity drizzle
104,Acari,PE,2022-01-24 15:29:28,-15.4311,-74.6158,78.8,68,79,7.83,broken clouds
105,Sobolevo,RU,2022-01-24 15:29:28,54.4299,31.8996,4.73,99,11,1.74,few clouds
106,Saint-Francois,FR,2022-01-24 15:29:29,46.4154,3.9054,46.67,66,0,2.3,clear sky
107,Iqaluit,CA,2022-01-24 15:29:29,63.7506,-68.5145,-13.27,69,100,5.99,light snow
108,La Ronge,CA,2022-01-24 15:29:29,55.1001,-105.2842,-27.18,75,40,2.3,scattered clouds
109,Rodrigues Alves,BR,2022-01-24 15:29:29,-7.738,-72.6509,82.6,88,49,2.3,scattered clouds
110,Vestmannaeyjar,IS,2022-01-24 15:29:30,63.4427,-20.2734,40.19,75,75,10.36,broken clouds
111,Constitucion,CL,2022-01-24 15:29:30,-35.3333,-72.4167,70.11,59,2,13.53,clear sky
112,Kameyama,JP,2022-01-24 15:29:30,34.85,136.45,40.39,79,3,6.71,clear sky
113,Petropavlovsk-Kamchatskiy,RU,2022-01-24 15:29:31,53.0452,158.6483,0.19,66,40,6.71,scattered clouds
114,Tessalit,ML,2022-01-24 15:29:31,20.1986,1.0114,77.49,9,48,12.77,scattered clouds
115,Kodiak,US,2022-01-24 15:29:31,57.79,-152.4072,42.31,81,100,12.66,overcast clouds
116,Georgetown,MY,2022-01-24 15:24:40,5.4112,100.3354,83.95,88,20,2.3,few clouds
117,Forbes,AU,2022-01-24 15:29:32,-33.3833,148.0167,73.92,58,78,6.85,broken clouds
118,Praya,CV,2022-01-24 15:29:09,14.9215,-23.5087,81.14,54,20,23.02,few clouds
119,Deniliquin,AU,2022-01-24 15:29:32,-35.5333,144.9667,76.75,40,100,7.25,overcast clouds
120,Arraial Do Cabo,BR,2022-01-24 15:29:32,-22.9661,-42.0278,87.76,65,0,20.71,clear sky
121,Villefranche-Sur-Saone,FR,2022-01-24 15:29:33,45.9833,4.7167,46.02,71,0,1.16,clear sky
122,Norman Wells,CA,2022-01-24 15:29:33,65.282,-126.8329,6.84,85,100,10.36,light snow
123,Hithadhoo,MV,2022-01-24 15:29:33,-0.6,73.0833,82.15,69,96,12.88,overcast clouds
124,Seymchan,RU,2022-01-24 15:29:34,62.8833,152.4333,-38.45,100,100,0.96,overcast clouds
125,Lorengau,PG,2022-01-24 15:29:34,-2.0226,147.2712,81.07,76,23,5.01,few clouds
126,Narsaq,GL,2022-01-24 15:29:34,60.9167,-46.05,30.42,81,100,3.8,overcast clouds
127,Severo-Yeniseyskiy,RU,2022-01-24 15:29:35,60.3725,93.0408,-1.5,99,100,2.93,overcast clouds
128,Husavik,IS,2022-01-24 15:29:35,66.0449,-17.3389,31.91,81,32,10.54,scattered clouds
129,Saskylakh,RU,2022-01-24 15:29:35,71.9167,114.0833,-12.53,96,96,4.52,overcast clouds
130,Necochea,AR,2022-01-24 15:29:36,-38.5473,-58.7368,80.04,46,0,11.32,clear sky
131,Cayenne,GF,2022-01-24 15:29:36,4.9333,-52.3333,75.24,91,100,5.01,fog
132,Mar Del Plata,AR,2022-01-24 15:29:36,-38.0023,-57.5575,86.02,54,40,12.66,scattered clouds
133,Shymkent,KZ,2022-01-24 15:29:36,42.3,69.6,30.79,93,0,2.24,mist
134,Lompoc,US,2022-01-24 15:29:37,34.6391,-120.4579,54.12,75,0,10.36,clear sky
135,Ancud,CL,2022-01-24 15:30:37,-41.8697,-73.8203,64.42,70,55,5.95,broken clouds
136,Teguise,ES,2022-01-24 15:30:37,29.0605,-13.564,64.62,77,40,4.61,scattered clouds
137,Makakilo City,US,2022-01-24 15:30:38,21.3469,-158.0858,71.92,70,100,4.61,overcast clouds
138,Aklavik,CA,2022-01-24 15:30:38,68.2191,-135.0107,12.92,85,75,11.5,broken clouds
139,Mao,ES,2022-01-24 15:30:39,39.8885,4.2658,55.96,67,20,11.5,few clouds
140,Bredasdorp,ZA,2022-01-24 15:30:39,-34.5322,20.0403,75.27,69,4,16.11,clear sky
141,Nouadhibou,MR,2022-01-24 15:30:39,20.931,-17.0347,75.18,64,20,10.36,few clouds
142,Hit,IQ,2022-01-24 15:30:26,33.6416,42.8251,55.2,32,30,9.04,scattered clouds
143,Coihaique,CL,2022-01-24 15:30:40,-45.5752,-72.0662,63.21,55,40,12.66,scattered clouds
144,Katsuura,JP,2022-01-24 15:30:40,35.1333,140.3,39.31,61,4,14.43,clear sky
145,Naryan-Mar,RU,2022-01-24 15:30:40,67.6713,53.087,18.54,93,100,23.8,light snow
146,Isiolo,KE,2022-01-24 15:30:40,0.3546,37.5822,73.8,49,65,6.82,broken clouds
147,Iquitos,PE,2022-01-24 15:30:41,-3.7481,-73.2472,80.64,78,75,1.14,broken clouds
148,Guerrero Negro,MX,2022-01-24 15:27:17,27.9769,-114.0611,58.03,67,0,8.46,clear sky
149,Meulaboh,ID,2022-01-24 15:30:41,4.1363,96.1285,76.78,85,67,2.66,broken clouds
150,Sitrah,BH,2022-01-24 15:30:42,26.1547,50.6206,66.36,48,0,4.61,clear sky
151,Nome,US,2022-01-24 15:30:42,64.5011,-165.4064,24.87,86,100,13.8,light snow
152,Lovozero,RU,2022-01-24 15:30:43,68.005,35.0117,28.13,89,100,5.26,light snow
153,Avera,US,2022-01-24 15:30:43,33.194,-82.5271,46.9,52,0,8.86,clear sky
154,Bonavista,CA,2022-01-24 15:30:43,48.6499,-53.1147,34.12,82,99,19.66,overcast clouds
155,Port Hedland,AU,2022-01-24 15:30:43,-20.3167,118.5667,86.05,84,32,9.22,scattered clouds
156,Doha,QA,2022-01-24 15:27:33,25.2867,51.5333,68.31,50,0,4.61,clear sky
157,Salo,IT,2022-01-24 15:30:44,45.6086,10.531,50.83,81,8,2.59,clear sky
158,Broome,US,2022-01-24 15:30:44,42.2506,-75.833,17.8,71,0,1.99,haze
159,Deputatskiy,RU,2022-01-24 15:30:44,69.3,139.9,-15.59,97,100,3.87,overcast clouds
160,Fukue,JP,2022-01-24 15:30:45,32.6881,128.8419,51.3,62,95,20.36,overcast clouds
161,Geraldton,AU,2022-01-24 15:30:45,-28.7667,114.6,73.81,64,1,14.97,clear sky
162,Longyearbyen,SJ,2022-01-24 15:30:46,78.2186,15.6401,17.44,73,75,17.27,light snow
163,Teknaf,BD,2022-01-24 15:30:47,20.8624,92.3058,69.71,67,98,4.16,overcast clouds
164,Pawa,PH,2022-01-24 15:30:47,13.1747,123.7328,76.01,90,85,8.7,overcast clouds
165,Suhbaatar,MN,2022-01-24 15:30:47,50.2314,106.2078,-2.96,100,97,2.3,overcast clouds
166,Oistins,BB,2022-01-24 15:30:47,13.0667,-59.5333,82.49,57,40,23.02,scattered clouds
167,Tuktoyaktuk,CA,2022-01-24 15:30:48,69.4541,-133.0374,1.4,85,40,10.36,scattered clouds
168,Tambilil,PH,2022-01-24 15:30:48,5.9622,124.6697,78.69,85,100,3.27,overcast clouds
169,Ilulissat,GL,2022-01-24 15:30:49,69.2167,-51.1,15.82,48,100,19.57,overcast clouds
170,Altay,CN,2022-01-24 15:30:49,47.8667,88.1167,1.58,74,53,6.78,broken clouds
171,Mangrol,IN,2022-01-24 15:30:49,21.1167,70.1167,64.8,53,0,6.62,clear sky
172,Aranos,NA,2022-01-24 15:30:50,-24.1333,19.1167,82.44,25,80,15.7,broken clouds
173,Kyabe,TD,2022-01-24 15:30:50,9.4515,18.9449,93.06,14,56,2.42,broken clouds
174,Pudozh,RU,2022-01-24 15:30:51,61.8099,36.5345,28.51,95,100,13.71,overcast clouds
175,Stolin,BY,2022-01-24 15:30:51,51.8912,26.846,11.37,97,12,2.93,few clouds
176,Sarakhs,IR,2022-01-24 15:30:51,36.5449,61.1577,42.94,56,2,4.61,clear sky
177,Mirador,BR,2022-01-24 15:30:52,-6.3708,-44.3631,84.63,67,44,4.38,scattered clouds
178,Marystown,CA,2022-01-24 15:30:52,47.1666,-55.1483,37.85,100,100,5.01,overcast clouds
179,Ponta Do Sol,PT,2022-01-24 15:30:52,32.6667,-17.1,65.01,77,91,5.84,overcast clouds
180,Ahipara,NZ,2022-01-24 15:30:53,-35.1667,173.1667,66.47,93,100,11.83,overcast clouds
181,San Cristobal,VE,2022-01-24 15:30:53,7.7669,-72.225,75.38,50,65,6.62,broken clouds
182,Haines Junction,CA,2022-01-24 15:30:53,60.7522,-137.5108,17.33,98,100,4.0,overcast clouds
183,Souillac,MU,2022-01-24 15:30:53,-20.5167,57.5167,79.18,69,40,13.8,scattered clouds
184,Dunedin,NZ,2022-01-24 15:31:00,-45.8742,170.5036,58.8,92,77,1.99,broken clouds
185,Shimoda,JP,2022-01-24 15:31:54,34.6667,138.95,40.1,65,100,9.71,overcast clouds
186,Wawa,NG,2022-01-24 15:31:54,9.9022,4.4192,90.23,14,0,6.85,clear sky
187,Dongsheng,CN,2022-01-24 15:31:55,39.8161,109.9776,18.84,50,0,10.13,clear sky
188,Kinkala,CG,2022-01-24 15:31:55,-4.3614,14.7644,91.71,84,57,3.02,moderate rain
189,Coahuayana,MX,2022-01-24 15:31:55,18.7333,-103.6833,76.48,36,83,1.45,broken clouds
190,Yulara,AU,2022-01-24 15:31:56,-25.2406,130.9889,82.24,36,0,9.22,clear sky
191,Borbon,PH,2022-01-24 15:31:56,10.838,124.0297,78.69,92,100,9.1,moderate rain
192,Oranjemund,NA,2022-01-24 15:31:56,-28.55,16.4333,73.02,71,28,21.5,scattered clouds
193,Anadyr,RU,2022-01-24 15:31:57,64.75,177.4833,-23.3,76,20,11.18,fog
194,Namibe,AO,2022-01-24 15:31:57,-15.1961,12.1522,78.37,79,25,12.5,scattered clouds
195,Inta,RU,2022-01-24 15:31:57,66.0317,60.1659,6.91,85,33,10.13,scattered clouds
196,Erzin,TR,2022-01-24 15:31:58,36.9559,36.2,43.32,78,29,1.52,scattered clouds
197,Tarakan,ID,2022-01-24 15:31:58,3.3,117.6333,78.3,94,20,3.44,few clouds
198,Batagay-Alyta,RU,2022-01-24 15:31:58,67.8006,130.4114,-13.2,99,98,2.46,overcast clouds
199,The Valley,AI,2022-01-24 15:31:59,18.217,-63.0578,84.06,78,75,14.97,broken clouds
200,Thompson,CA,2022-01-24 15:31:59,55.7435,-97.8558,-23.64,69,20,9.22,few clouds
201,Atasu,KZ,2022-01-24 15:31:59,48.6814,71.6433,8.37,84,100,7.81,overcast clouds
202,Itaituba,BR,2022-01-24 15:32:00,-4.2761,-55.9836,86.16,70,75,11.5,light rain
203,Henties Bay,NA,2022-01-24 15:32:00,-22.116,14.2845,78.85,67,7,12.41,clear sky
204,Carnarvon,AU,2022-01-24 15:32:00,-24.8667,113.6333,77.07,78,0,24.16,clear sky
205,Cururupu,BR,2022-01-24 15:31:00,-1.8283,-44.8683,86.22,59,97,7.81,overcast clouds
206,Vostok,RU,2022-01-24 15:32:01,46.4856,135.8833,-11.9,99,83,4.76,broken clouds
207,Sisimiut,GL,2022-01-24 15:32:01,66.9395,-53.6735,19.94,68,100,15.82,overcast clouds
208,Verkhoyansk,RU,2022-01-24 15:32:01,67.5447,133.385,-17.84,100,100,0.2,overcast clouds
209,Chengde,CN,2022-01-24 15:32:02,40.9725,117.9361,17.69,95,98,2.48,overcast clouds
210,Paamiut,GL,2022-01-24 15:32:02,61.994,-49.6678,27.95,97,100,17.74,snow
211,Port Lincoln,AU,2022-01-24 15:30:25,-34.7333,135.8667,68.94,88,66,5.7,broken clouds
212,Kamina,CD,2022-01-24 15:32:03,-8.7386,24.9906,73.13,84,69,2.08,light rain
213,Puerto Ayora,EC,2022-01-24 15:32:03,-0.7393,-90.3518,82.36,77,94,8.39,overcast clouds
214,Svetlogorsk,BY,2022-01-24 15:32:03,52.6333,29.7333,9.52,98,40,3.04,scattered clouds
215,Kichera,RU,2022-01-24 15:32:04,55.9375,110.0997,-4.61,89,85,3.91,overcast clouds
216,San Francisco,US,2022-01-24 15:27:34,37.7749,-122.4194,53.53,81,20,3.0,few clouds
217,Peredovaya,RU,2022-01-24 15:32:04,44.1172,41.4756,29.43,97,95,3.04,snow
218,Narva-Joesuu,EE,2022-01-24 15:32:05,59.4589,28.0408,33.69,92,100,15.19,overcast clouds
219,Hervey Bay,AU,2022-01-24 15:32:05,-25.2986,152.8535,74.03,84,97,3.0,moderate rain
220,Yarada,IN,2022-01-24 15:32:06,17.65,83.2667,75.52,88,40,2.3,mist
221,Linhares,BR,2022-01-24 15:32:06,-19.3911,-40.0722,87.17,50,99,6.15,overcast clouds
222,Clyde River,CA,2022-01-24 15:32:06,70.4692,-68.5914,-1.97,84,100,29.93,snow
223,Tasiilaq,GL,2022-01-24 15:32:07,65.6145,-37.6368,19.56,59,100,12.91,overcast clouds
224,Progreso,MX,2022-01-24 15:32:07,21.2833,-89.6667,76.1,61,1,8.7,clear sky
225,Cidreira,BR,2022-01-24 15:32:07,-30.1811,-50.2056,85.91,66,36,8.77,scattered clouds
226,Opuwo,NA,2022-01-24 15:32:08,-18.0607,13.84,89.47,20,73,15.41,broken clouds
227,Oceanside,US,2022-01-24 15:29:55,33.1959,-117.3795,58.39,53,0,3.44,clear sky
228,Rapar,IN,2022-01-24 15:32:08,23.5667,70.6333,62.19,28,0,5.44,clear sky
229,Brcko,BA,2022-01-24 15:32:09,44.8728,18.8083,31.14,54,3,2.95,clear sky
230,Cooma,AU,2022-01-24 15:32:09,-36.2333,149.1333,56.97,100,75,8.05,broken clouds
231,Tshikapa,CD,2022-01-24 15:32:09,-6.4167,20.8,80.06,81,35,3.58,light rain
232,Luang Prabang,LA,2022-01-24 15:33:10,19.8856,102.1347,61.5,72,2,0.67,clear sky
233,Mirabad,AF,2022-01-24 15:33:10,30.4362,61.8383,49.48,37,0,5.14,clear sky
234,Nalut,LY,2022-01-24 15:33:10,30.3333,10.85,52.38,38,17,9.84,few clouds
235,Port Elizabeth,ZA,2022-01-24 15:33:01,-33.918,25.5701,79.11,73,0,33.38,clear sky
236,Kahului,US,2022-01-24 15:32:22,20.8947,-156.47,71.83,77,0,10.36,clear sky
237,Nanortalik,GL,2022-01-24 15:33:11,60.1432,-45.2371,27.28,88,100,3.53,overcast clouds
238,Axim,GH,2022-01-24 15:33:11,4.8699,-2.2405,84.34,64,80,11.45,broken clouds
239,Fayaoue,NC,2022-01-24 15:33:11,-20.65,166.5333,79.48,80,97,7.18,overcast clouds
240,Akhtubinsk,RU,2022-01-24 15:33:12,48.2795,46.1722,27.75,92,100,13.65,overcast clouds
241,Tazovskiy,RU,2022-01-24 15:33:12,67.4667,78.7,-2.18,98,63,9.57,broken clouds
242,Chamba,IN,2022-01-24 15:33:12,32.5667,76.1333,41.14,80,62,7.34,broken clouds
243,Narasimharajapura,IN,2022-01-24 15:33:13,13.6167,75.5167,58.77,85,3,3.31,clear sky
244,Santa Vitoria,BR,2022-01-24 15:33:13,-18.8386,-50.1214,87.94,51,20,5.73,few clouds
245,Manta,EC,2022-01-24 15:33:14,-0.95,-80.7333,80.38,69,100,4.61,overcast clouds
246,Cilegon,ID,2022-01-24 15:33:14,-6.0174,106.0538,80.49,79,94,11.07,overcast clouds
247,Esperance,AU,2022-01-24 15:33:14,-33.8667,121.9,62.44,87,32,11.18,scattered clouds
248,Teahupoo,PF,2022-01-24 15:33:15,-17.8333,-149.2667,71.56,79,100,16.2,overcast clouds
249,Wanning,CN,2022-01-24 15:33:15,18.8003,110.3967,71.69,89,18,3.58,few clouds
250,Medford,US,2022-01-24 15:33:15,42.3265,-122.8756,54.5,93,0,0.0,clear sky
251,Beloha,MG,2022-01-24 15:33:16,-25.1667,45.05,74.12,71,32,21.92,scattered clouds
252,San Patricio,US,2022-01-24 15:33:16,28.017,-97.5169,55.89,88,100,10.54,light rain
253,Dingle,PH,2022-01-24 15:33:17,10.9995,122.6711,74.84,92,100,8.28,overcast clouds
254,Port Blair,IN,2022-01-24 15:33:17,11.6667,92.75,75.24,83,40,0.0,mist
255,Sambava,MG,2022-01-24 15:33:17,-14.2667,50.1667,77.86,84,100,2.86,moderate rain
256,Glace Bay,CA,2022-01-24 15:33:18,46.1969,-59.957,30.38,95,100,5.99,overcast clouds
257,Lata,PT,2022-01-24 15:33:18,40.1629,-8.3327,60.93,46,0,2.8,clear sky
258,Honningsvag,NO,2022-01-24 15:33:19,70.9821,25.9704,29.95,69,40,33.38,light snow
259,Jiuquan,CN,2022-01-24 15:33:19,39.7432,98.5174,21.94,52,9,5.59,clear sky
260,Vallenar,CL,2022-01-24 15:33:19,-28.5708,-70.7581,81.16,35,63,7.45,broken clouds
261,Flinders,AU,2022-01-24 15:33:20,-34.5833,150.8552,70.38,80,91,4.12,overcast clouds
262,Shenjiamen,CN,2022-01-24 15:33:20,29.9576,122.298,46.06,83,100,12.62,overcast clouds
263,Sabang,ID,2022-01-24 15:33:20,5.8933,95.3214,81.0,73,69,8.93,broken clouds
264,Lishu,CN,2022-01-24 15:33:21,43.3047,124.3278,13.06,66,14,2.66,few clouds
265,Khani,GE,2022-01-24 15:33:21,41.9563,42.9566,31.57,89,90,3.67,overcast clouds
266,Hasaki,JP,2022-01-24 15:33:21,35.7333,140.8333,34.2,58,4,19.44,clear sky
267,Polunochnoye,RU,2022-01-24 15:33:22,60.8697,60.4153,3.33,93,26,4.52,scattered clouds
268,Lodja,CD,2022-01-24 15:33:22,-3.4833,23.4333,77.68,78,100,2.51,light rain
269,Kavaratti,IN,2022-01-24 15:33:23,10.5669,72.642,79.34,60,100,12.97,overcast clouds
270,Koutiala,ML,2022-01-24 15:30:02,12.3917,-5.4642,89.78,5,13,11.03,few clouds
271,Luan,CH,2022-01-24 15:33:23,46.3592,6.9759,37.65,75,14,2.33,few clouds
272,Hambantota,LK,2022-01-24 15:33:23,6.1241,81.1185,73.74,100,20,1.14,few clouds
273,Gat,IL,2022-01-24 15:33:24,31.61,34.7642,49.41,100,100,9.13,overcast clouds
274,Dogondoutchi,NE,2022-01-24 15:33:24,13.6393,4.0287,85.89,7,0,12.62,clear sky
275,Changde,CN,2022-01-24 15:33:24,29.0464,111.6783,39.02,90,100,1.68,overcast clouds
276,Timmins,CA,2022-01-24 15:33:25,48.4669,-81.3331,-9.58,77,100,0.0,overcast clouds
277,Voh,NC,2022-01-24 15:33:25,-20.9667,164.7,75.58,80,65,3.0,broken clouds
278,Syracuse,IT,2022-01-24 15:30:11,37.0881,15.2792,51.85,77,90,14.16,overcast clouds
279,Ampanihy,MG,2022-01-24 15:34:25,-24.7,44.75,79.07,61,39,18.43,scattered clouds
280,Phonhong,LA,2022-01-24 15:34:26,18.5007,102.4166,65.73,63,0,3.85,clear sky
281,Teya,RU,2022-01-24 15:34:26,60.3778,92.6267,1.4,99,100,2.62,overcast clouds
282,Luwuk,ID,2022-01-24 15:34:27,-0.9516,122.7875,77.63,84,52,4.83,broken clouds
283,Vilhena,BR,2022-01-24 15:34:27,-12.7406,-60.1458,82.62,65,20,5.75,few clouds
284,Mulchen,CL,2022-01-24 15:34:28,-37.7167,-72.2333,71.46,32,1,7.34,clear sky
285,Springdale,US,2022-01-24 15:30:35,36.1867,-94.1288,47.91,67,0,8.01,clear sky
286,Hadishahr,AZ,2022-01-24 15:34:28,38.8431,45.6635,19.89,77,25,4.27,scattered clouds
287,Hami,CN,2022-01-24 15:34:28,42.8,93.45,25.48,50,99,2.51,overcast clouds
288,Houma,US,2022-01-24 15:33:18,29.5958,-90.7195,53.01,74,0,0.0,clear sky
289,Yantal,RU,2022-01-24 15:34:29,56.8471,105.2542,-8.14,100,100,2.33,overcast clouds
290,Namatanai,PG,2022-01-24 15:34:29,-3.6667,152.4333,79.5,81,46,1.99,scattered clouds
291,Xai-Xai,MZ,2022-01-24 15:34:29,-25.0519,33.6442,77.76,75,55,11.74,broken clouds
292,Sindor,RU,2022-01-24 15:34:30,62.8629,51.8905,18.0,94,100,10.29,light snow
293,Halifax,CA,2022-01-24 15:29:48,44.6453,-63.5724,28.0,89,100,3.0,overcast clouds
294,Ormstown,CA,2022-01-24 15:34:30,45.1334,-73.9992,5.25,79,55,4.16,broken clouds
295,Kirgiz-Miyaki,RU,2022-01-24 15:34:30,53.6324,54.7979,6.15,95,100,1.21,overcast clouds
296,Zeya,RU,2022-01-24 15:34:31,53.75,127.2667,-6.83,97,7,2.91,clear sky
297,Victoria,HK,2022-01-24 15:34:11,22.2855,114.1577,68.38,87,100,5.99,overcast clouds
298,Saint-Philippe,RE,2022-01-24 15:34:31,-21.3585,55.7679,78.39,75,97,16.42,overcast clouds
299,Rojhan,PK,2022-01-24 15:34:32,28.6868,69.9534,58.32,30,0,4.52,clear sky
300,Port Augusta,AU,2022-01-24 15:34:32,-32.5,137.7667,73.71,63,80,2.93,broken clouds
301,Hrodna,BY,2022-01-24 15:34:32,53.6884,23.8258,25.38,92,78,10.31,broken clouds
302,Hirara,JP,2022-01-24 15:34:32,24.8,125.2833,69.24,72,100,19.98,overcast clouds
303,Bafq,IR,2022-01-24 15:34:33,31.6128,55.4107,52.48,20,0,4.34,clear sky
304,Sao Gabriel Da Cachoeira,BR,2022-01-24 15:34:33,-0.1303,-67.0892,85.8,74,75,3.44,broken clouds
305,Puerto Leguizamo,CO,2022-01-24 15:34:33,-0.1934,-74.7819,82.29,77,70,3.89,broken clouds
306,Bathsheba,BB,2022-01-24 15:34:34,13.2167,-59.5167,83.01,57,40,23.02,scattered clouds
307,Quatre Cocos,MU,2022-01-24 15:34:34,-20.2078,57.7625,78.91,73,80,21.47,broken clouds
308,Soyo,AO,2022-01-24 15:34:34,-6.1349,12.3689,80.65,71,2,11.63,clear sky
309,Zyryanka,RU,2022-01-24 15:34:35,65.75,150.85,-32.37,100,98,5.93,overcast clouds
310,Tual,ID,2022-01-24 15:34:35,-5.6667,132.75,83.43,78,99,12.68,overcast clouds
311,Gambo,CF,2022-01-24 15:34:35,4.6482,22.2633,92.35,22,27,2.33,scattered clouds
312,Bay Roberts,CA,2022-01-24 15:34:36,47.5999,-53.2648,34.52,86,97,1.99,overcast clouds
313,Ucluelet,CA,2022-01-24 15:34:36,48.9329,-125.5528,39.09,93,0,5.37,clear sky
314,Villarrica,PY,2022-01-24 15:34:36,-25.75,-56.4333,111.02,17,3,4.34,clear sky
315,Piacabucu,BR,2022-01-24 15:34:37,-10.4056,-36.4344,84.92,63,100,12.82,overcast clouds
316,Pedernales,DO,2022-01-24 15:34:37,18.0384,-71.744,79.9,56,0,4.88,clear sky
317,Sao Jose Da Coroa Grande,BR,2022-01-24 15:34:37,-8.8978,-35.1478,85.33,61,92,11.18,overcast clouds
318,Fort Nelson,CA,2022-01-24 15:30:36,58.8053,-122.7002,-1.35,99,55,2.19,broken clouds
319,Ribeira Grande,PT,2022-01-24 15:34:38,38.5167,-28.7,63.0,63,20,3.44,few clouds
320,Baiquan,CN,2022-01-24 15:34:38,47.5833,126.0833,-0.47,96,100,1.99,overcast clouds
321,Port Macquarie,AU,2022-01-24 15:31:50,-31.4333,152.9167,69.76,77,89,2.66,overcast clouds
322,Phoenix,US,2022-01-24 15:31:33,33.4484,-112.074,53.11,64,0,4.61,clear sky
323,Godda,IN,2022-01-24 15:35:39,24.8333,87.2167,63.93,74,42,5.48,scattered clouds
324,Korla,CN,2022-01-24 15:35:39,41.7597,86.1469,27.18,55,100,1.92,overcast clouds
325,Ruwi,OM,2022-01-24 15:35:39,23.5996,58.5507,67.69,56,0,6.82,clear sky
326,Paciran,ID,2022-01-24 15:35:40,-6.8767,112.3761,79.77,85,43,15.03,scattered clouds
327,Shu,KZ,2022-01-24 15:35:40,43.5983,73.7614,31.19,81,100,4.88,overcast clouds
328,Bocas Del Toro,PA,2022-01-24 15:35:40,9.3333,-82.25,87.08,67,12,3.87,few clouds
329,Pokhara,NP,2022-01-24 15:35:41,28.2333,83.9833,52.39,68,98,1.97,overcast clouds
330,Virginia Beach,US,2022-01-24 15:35:03,36.8529,-75.978,42.06,66,40,8.05,scattered clouds
331,Illapel,CL,2022-01-24 15:35:41,-31.6308,-71.1653,81.43,37,0,7.65,clear sky
332,Saint George,US,2022-01-24 15:32:07,37.1041,-113.5841,33.26,66,0,0.0,clear sky
333,Kajaani,FI,2022-01-24 15:35:41,64.2273,27.7285,33.85,93,75,11.5,broken clouds
334,Lapua,FI,2022-01-24 15:35:42,62.9693,23.0088,35.35,92,77,6.33,broken clouds
335,Vao,NC,2022-01-24 15:35:42,-22.6667,167.4833,77.13,66,100,3.74,overcast clouds
336,Druzhba,UA,2022-01-24 15:35:42,52.0428,33.9453,14.7,96,60,9.46,broken clouds
337,Vanimo,PG,2022-01-24 15:35:43,-2.6741,141.3028,77.49,85,97,3.29,overcast clouds
338,Akonolinga,CM,2022-01-24 15:35:43,3.7667,12.25,93.61,15,0,1.28,clear sky
339,Terme,TR,2022-01-24 15:35:44,41.2092,36.9739,39.13,71,100,7.61,light rain
340,Praia Da Vitoria,PT,2022-01-24 15:35:44,38.7333,-27.0667,62.76,77,20,5.12,few clouds
341,Peterborough,GB,2022-01-24 15:35:44,52.5736,-0.2478,40.84,78,100,3.44,overcast clouds
342,Gimli,CA,2022-01-24 15:35:45,50.6336,-96.9907,-15.88,97,100,9.28,overcast clouds
343,Mayo,US,2022-01-24 15:35:45,38.8876,-76.5119,37.74,56,0,4.0,clear sky
344,Solwezi,ZM,2022-01-24 15:35:45,-12.1688,26.3894,67.86,84,98,4.07,overcast clouds
345,Suntar,RU,2022-01-24 15:35:46,62.1444,117.6319,-0.54,97,100,5.97,light snow
346,Nyakahanga,TZ,2022-01-24 15:35:46,-1.6033,31.1414,65.52,77,100,2.28,overcast clouds
347,Niceville,US,2022-01-24 15:32:32,30.5169,-86.4822,51.58,61,0,0.0,clear sky
348,Acajutla,SV,2022-01-24 15:35:47,13.5928,-89.8275,84.79,49,1,4.23,clear sky
349,Kaoma,ZM,2022-01-24 15:35:47,-14.7833,24.8,71.96,77,95,4.32,light rain
350,Asau,RO,2022-01-24 15:35:47,46.4333,26.4,19.4,76,100,3.51,overcast clouds
351,Helong,CN,2022-01-24 15:35:48,42.5397,128.9972,13.28,86,100,3.31,overcast clouds
352,La Sarre,CA,2022-01-24 15:35:48,48.8002,-79.1996,3.61,89,100,4.63,light snow
353,Buzmeyin,TM,2022-01-24 15:35:48,38.0507,58.2056,38.93,60,0,2.3,clear sky
354,Ridgecrest,US,2022-01-24 15:35:49,35.6225,-117.6709,43.65,39,0,5.75,clear sky
355,Galatas,GR,2022-01-24 15:35:49,37.4962,23.4489,36.37,83,100,31.97,overcast clouds
356,Atambua,ID,2022-01-24 15:35:49,-9.1061,124.8925,75.42,88,100,0.58,overcast clouds
357,Waipawa,NZ,2022-01-24 15:35:50,-41.4122,175.5153,63.45,94,68,4.54,broken clouds
358,Kurilsk,RU,2022-01-24 15:35:50,45.2333,147.8833,22.86,68,98,12.55,overcast clouds
359,San Quintin,MX,2022-01-24 15:35:50,30.4833,-115.95,59.86,55,0,4.03,clear sky
360,Rio Gallegos,AR,2022-01-24 15:35:51,-51.6226,-69.2181,64.45,34,40,23.02,scattered clouds
361,Gloucester,GB,2022-01-24 15:35:51,51.8657,-2.2431,41.81,81,100,0.0,overcast clouds
362,Hay River,CA,2022-01-24 15:35:51,60.8156,-115.7999,-4.04,71,100,3.44,light snow
363,Banjar,ID,2022-01-24 15:35:52,-8.19,114.9675,84.06,85,18,4.14,few clouds
364,Karratha,AU,2022-01-24 15:35:52,-20.7377,116.8463,84.29,74,12,15.75,few clouds
365,Oksfjord,NO,2022-01-24 15:36:52,70.2396,22.3479,28.99,82,100,31.45,snow
366,Tuatapere,NZ,2022-01-24 15:36:53,-46.1333,167.6833,45.37,94,85,2.62,overcast clouds
367,Jensen Beach,US,2022-01-24 15:36:53,27.2545,-80.2298,56.01,72,20,5.99,few clouds
368,Flin Flon,CA,2022-01-24 15:36:53,54.7682,-101.865,-20.36,69,0,11.5,clear sky
369,Palmer,US,2022-01-24 15:36:54,42.1584,-72.3287,27.48,71,75,3.44,broken clouds
370,Pontianak,ID,2022-01-24 15:36:54,-0.0333,109.3333,76.98,88,20,5.75,few clouds
371,Kloulklubed,PW,2022-01-24 15:36:54,7.0419,134.2556,79.3,79,100,18.05,overcast clouds
372,Pangody,RU,2022-01-24 15:36:55,65.85,74.4859,-1.98,98,21,10.27,few clouds
373,Krasnogorskoye,RU,2022-01-24 15:36:55,52.2953,86.1979,-11.69,100,64,2.15,broken clouds
374,Bengkulu,ID,2022-01-24 15:36:49,-3.8004,102.2655,77.54,81,100,1.63,overcast clouds
375,Asfi,MA,2022-01-24 15:36:56,32.2994,-9.2372,62.85,75,45,8.9,scattered clouds
376,Ilhabela,BR,2022-01-24 15:36:56,-23.7781,-45.3581,82.13,78,47,4.9,scattered clouds
377,Coruripe,BR,2022-01-24 15:36:56,-10.1256,-36.1756,86.09,60,100,15.82,overcast clouds
378,Yar-Sale,RU,2022-01-24 15:36:57,66.8333,70.8333,0.19,95,7,10.67,clear sky
379,Olga,RU,2022-01-24 15:36:57,43.7444,135.2892,12.52,70,15,5.68,few clouds
380,Luanda,AO,2022-01-24 15:36:57,-8.8368,13.2343,80.6,74,20,11.5,few clouds
381,Srednekolymsk,RU,2022-01-24 15:36:58,67.45,153.6833,-27.15,99,98,7.07,overcast clouds
382,Ogulin,HR,2022-01-24 15:36:58,45.2661,15.2286,38.23,90,98,3.42,overcast clouds
383,Kyra,RU,2022-01-24 15:36:58,49.5776,111.9753,0.39,96,98,4.72,overcast clouds
384,Codrington,AU,2022-01-24 15:36:59,-38.2667,141.9667,72.23,51,100,8.28,overcast clouds
385,Sitka,US,2022-01-24 15:33:10,57.0531,-135.33,35.49,93,75,6.91,broken clouds
386,Faanui,PF,2022-01-24 15:35:52,-16.4833,-151.75,80.92,74,100,11.32,light rain
387,Cockburn Town,TC,2022-01-24 15:36:59,21.4612,-71.1419,80.56,65,20,6.91,few clouds
388,Riachao Das Neves,BR,2022-01-24 15:36:59,-11.7461,-44.91,84.38,63,5,2.93,clear sky
389,Ola,RU,2022-01-24 15:37:00,59.5833,151.2833,-17.48,88,78,8.12,broken clouds
390,Vitre,FR,2022-01-24 15:37:00,48.1178,-1.2058,45.48,79,0,5.77,clear sky
391,Zhigansk,RU,2022-01-24 15:37:00,66.7697,123.3711,-16.19,100,95,1.19,overcast clouds
392,Yerbogachen,RU,2022-01-24 15:37:01,61.2767,108.0108,-17.23,100,91,4.25,overcast clouds
393,Leningradskiy,RU,2022-01-24 15:37:01,69.3833,178.4167,-23.94,83,82,8.01,broken clouds
394,San Policarpo,PH,2022-01-24 15:37:01,12.1791,125.5072,78.87,88,100,14.54,overcast clouds
395,Baiyin,CN,2022-01-24 15:37:02,36.5583,104.2081,18.48,49,95,2.59,overcast clouds
396,Palora,EC,2022-01-24 15:37:02,-1.7,-77.9333,73.51,80,79,3.42,moderate rain
397,Huarmey,PE,2022-01-24 15:37:02,-10.0681,-78.1522,75.7,77,36,9.48,scattered clouds
398,Talnakh,RU,2022-01-24 15:37:03,69.4865,88.3972,-5.33,98,100,10.74,overcast clouds
399,Ozerna,UA,2022-01-24 15:37:03,49.6289,25.329,7.16,98,56,3.56,broken clouds
400,Arlit,NE,2022-01-24 15:37:03,18.7369,7.3853,75.9,10,51,14.7,broken clouds
401,Buta,CD,2022-01-24 15:37:04,2.7858,24.73,89.78,28,90,2.53,overcast clouds
402,Ekhabi,RU,2022-01-24 15:37:04,53.5102,142.9671,-5.48,97,100,10.58,overcast clouds
403,Lazaro Cardenas,MX,2022-01-24 15:37:04,17.9583,-102.2,78.6,57,50,3.96,scattered clouds
404,Havre-Saint-Pierre,CA,2022-01-24 15:37:05,50.2334,-63.5986,10.99,78,100,6.91,overcast clouds
405,Tiksi,RU,2022-01-24 15:37:05,71.6872,128.8694,-10.43,98,100,3.24,overcast clouds
406,Pavilosta,LV,2022-01-24 15:37:05,56.8879,21.1859,39.15,89,100,16.93,overcast clouds
407,Whitehorse,CA,2022-01-24 15:37:06,60.7161,-135.0538,27.37,80,100,15.01,overcast clouds
408,Maniitsoq,GL,2022-01-24 15:37:06,65.4167,-52.9,26.06,75,100,15.41,overcast clouds
409,Tondano,ID,2022-01-24 15:37:06,1.3038,124.9112,68.09,93,68,2.64,broken clouds
410,Ostrovnoy,RU,2022-01-24 15:37:07,68.0531,39.5131,34.23,96,100,24.87,light snow
411,Tamandare,BR,2022-01-24 15:37:07,-8.7597,-35.1047,85.78,60,88,10.58,overcast clouds
412,Lavrentiya,RU,2022-01-24 15:38:07,65.5833,-171.0,5.92,94,100,3.74,overcast clouds
413,Mahibadhoo,MV,2022-01-24 15:38:08,3.7833,72.9667,81.07,65,85,13.0,overcast clouds
414,Aden,YE,2022-01-24 15:38:08,12.7794,45.0367,76.98,69,53,9.22,broken clouds
415,Los Llanos De Aridane,ES,2022-01-24 15:38:09,28.6585,-17.9182,68.13,52,75,5.99,broken clouds
416,Saint-Pierre,RE,2022-01-24 15:38:09,-21.3393,55.4781,78.48,69,100,27.63,overcast clouds
417,Awash,ET,2022-01-24 15:38:09,8.9833,40.1667,78.91,31,70,10.63,broken clouds
418,Kem,RU,2022-01-24 15:38:10,64.9555,34.5793,34.66,92,100,18.75,overcast clouds
419,Saldanha,ZA,2022-01-24 15:38:10,-33.0117,17.9442,78.85,80,21,26.08,few clouds
420,Jawhar,SO,2022-01-24 15:38:10,2.7809,45.5005,78.13,60,34,21.41,scattered clouds
421,Yatou,CN,2022-01-24 15:38:11,37.15,122.3833,29.77,74,100,6.76,overcast clouds
422,Gourdon,FR,2022-01-24 15:38:11,44.75,1.5,49.32,70,0,0.63,clear sky
423,Maltahohe,NA,2022-01-24 15:38:11,-24.8333,16.9833,84.16,18,6,12.91,clear sky
424,Inhambane,MZ,2022-01-24 15:38:12,-23.865,35.3833,78.78,94,75,4.61,broken clouds
425,Biograd Na Moru,HR,2022-01-24 15:38:12,43.9433,15.4519,41.7,54,3,12.64,clear sky
426,Brigantine,US,2022-01-24 15:38:12,39.4101,-74.3646,36.01,68,0,8.05,clear sky
427,Trinidad,BO,2022-01-24 15:33:15,-14.8333,-64.9,85.98,70,75,9.22,broken clouds
428,Wolgast,DE,2022-01-24 15:38:13,54.05,13.7667,40.86,88,100,10.67,overcast clouds
429,Tabuk,PH,2022-01-24 15:35:53,17.4189,121.4443,71.29,94,46,3.53,scattered clouds
430,Eureka,US,2022-01-24 15:33:59,40.8021,-124.1637,36.21,61,19,4.27,few clouds
431,Gueret,FR,2022-01-24 15:38:13,46.1667,1.8667,54.23,72,0,2.33,clear sky
432,Jinka,ET,2022-01-24 15:38:13,5.65,36.65,74.19,38,39,3.2,scattered clouds
433,Omboue,GA,2022-01-24 15:38:14,-1.5746,9.2618,81.43,73,38,8.5,light rain
434,Maceio,BR,2022-01-24 15:33:23,-9.6658,-35.7353,92.64,52,75,10.36,broken clouds
435,Kurashiki,JP,2022-01-24 15:38:14,34.5833,133.7667,43.56,93,78,4.52,broken clouds
436,Kailua,US,2022-01-24 15:38:15,21.4022,-157.7394,73.38,70,75,8.05,broken clouds
437,Talcahuano,CL,2022-01-24 15:37:17,-36.7167,-73.1167,69.48,56,0,10.36,clear sky
438,Margate,GB,2022-01-24 15:38:15,51.3813,1.3862,41.31,78,75,1.01,broken clouds
439,Rocha,UY,2022-01-24 15:35:26,-34.4833,-54.3333,86.63,61,33,4.12,scattered clouds
440,Caxito,AO,2022-01-24 15:38:16,-8.5785,13.6643,81.25,53,29,11.23,scattered clouds
441,Kalemie,CD,2022-01-24 15:38:16,-5.9475,29.1947,74.53,79,92,1.07,light rain
442,Sao Joao Da Barra,BR,2022-01-24 15:38:16,-21.6403,-41.0511,87.89,77,52,14.03,broken clouds
443,Wilmington,US,2022-01-24 15:36:37,34.2257,-77.9447,48.0,61,0,11.5,clear sky
444,Kalmunai,LK,2022-01-24 15:38:17,7.4167,81.8167,74.98,72,87,3.71,overcast clouds
445,Kushiro,JP,2022-01-24 15:38:17,42.975,144.3747,16.14,82,67,5.91,broken clouds
446,Gushikawa,JP,2022-01-24 15:38:18,26.3544,127.8686,65.43,94,40,8.05,scattered clouds
447,Waddan,LY,2022-01-24 15:38:18,29.1614,16.139,56.7,38,57,13.4,broken clouds
448,Staszow,PL,2022-01-24 15:38:18,50.5631,21.1659,25.63,81,16,3.36,few clouds
449,San Jose,US,2022-01-24 15:37:48,37.3394,-121.895,54.86,66,0,3.44,clear sky
450,Cusco,PE,2022-01-24 15:38:19,-13.5183,-71.9781,59.23,63,75,5.75,broken clouds
451,Nhulunbuy,AU,2022-01-24 15:38:19,-12.2333,136.7667,79.41,94,99,0.0,overcast clouds
452,Aksu,CN,2022-01-24 15:38:19,41.1231,80.2644,25.63,51,3,2.95,clear sky
453,Camacari,BR,2022-01-24 15:38:20,-12.6975,-38.3242,80.37,69,100,6.89,light rain
454,Grand Baie,MU,2022-01-24 15:38:20,-20.0182,57.5802,79.27,75,47,7.0,scattered clouds
455,Padang,ID,2022-01-24 15:38:20,-0.9492,100.3543,78.85,79,100,3.04,overcast clouds
456,Macae,BR,2022-01-24 15:39:21,-22.3708,-41.7869,87.67,69,40,10.36,scattered clouds
457,Milkovo,RU,2022-01-24 15:39:21,54.7167,158.6167,-11.96,94,30,1.43,scattered clouds
458,Auki,SB,2022-01-24 15:39:21,-8.7676,160.7034,79.39,87,81,5.08,broken clouds
459,Grand Gaube,MU,2022-01-24 15:39:22,-20.0064,57.6608,79.2,75,51,7.0,broken clouds
460,Paranavai,BR,2022-01-24 15:39:22,-23.0731,-52.4653,94.41,37,79,3.91,broken clouds
461,Novyy Urengoy,RU,2022-01-24 15:39:22,66.0833,76.6333,-3.64,99,71,9.69,broken clouds
462,Lakes Entrance,AU,2022-01-24 15:39:23,-37.8811,147.981,63.16,87,58,5.23,broken clouds
463,San Rafael,AR,2022-01-24 15:39:23,-34.6177,-68.3301,78.64,56,93,6.71,overcast clouds
464,Ciudad Bolivar,VE,2022-01-24 15:39:23,8.1222,-63.5497,89.33,41,36,8.81,scattered clouds
465,Ust-Nera,RU,2022-01-24 15:39:23,64.5667,143.2,-29.45,98,99,3.33,overcast clouds
466,Tambura,SS,2022-01-24 15:39:24,5.6,27.4667,88.11,20,67,4.63,broken clouds
467,Las Cruces,US,2022-01-24 15:34:59,32.3123,-106.7783,39.2,88,0,0.0,clear sky
468,Topola,RS,2022-01-24 15:39:24,44.2542,20.6825,25.88,90,47,4.81,scattered clouds
469,Rambha,IN,2022-01-24 15:39:24,19.5167,85.1,73.4,73,17,1.61,few clouds
470,Nuuk,GL,2022-01-24 15:39:25,64.1835,-51.7216,32.61,55,100,11.5,light snow
471,Bandarbeyla,SO,2022-01-24 15:39:25,9.4942,50.8122,75.25,66,96,21.54,overcast clouds
472,Zhezkazgan,KZ,2022-01-24 15:39:25,47.8043,67.7144,-0.42,85,20,15.66,few clouds
473,Ambalavao,MG,2022-01-24 15:39:26,-21.8333,46.9333,66.69,92,94,6.96,light rain
474,Reims,FR,2022-01-24 15:37:46,49.1667,4.0833,44.82,65,0,3.44,clear sky
475,Beira,MZ,2022-01-24 15:39:26,-19.8436,34.8389,82.49,89,100,20.71,overcast clouds
476,Faya,SA,2022-01-24 15:39:26,18.3851,42.4509,62.71,48,0,5.57,clear sky
477,Kippen,GB,2022-01-24 15:39:27,56.1268,-4.1709,48.65,93,100,4.18,overcast clouds
478,Itapirapua,BR,2022-01-24 15:39:27,-15.8233,-50.6133,88.59,56,66,5.41,broken clouds
479,Ouagadougou,BF,2022-01-24 15:39:27,12.3642,-1.5383,89.73,9,0,12.66,clear sky
480,Jalu,LY,2022-01-24 15:39:28,29.0331,21.5482,55.51,52,68,8.68,broken clouds
481,Bowen,AU,2022-01-24 15:39:28,-20.0167,148.2333,73.62,71,100,11.34,overcast clouds
482,Celestun,MX,2022-01-24 15:39:28,20.8667,-90.4,75.9,63,0,9.01,clear sky
483,Antofagasta,CL,2022-01-24 15:39:29,-23.65,-70.4,72.21,57,24,10.33,few clouds
484,Varhaug,NO,2022-01-24 15:39:29,58.6147,5.6457,45.95,94,100,15.5,overcast clouds
485,Choconta,CO,2022-01-24 15:38:17,5.1447,-73.6858,63.0,62,96,5.97,overcast clouds
486,Heishan,CN,2022-01-24 15:39:29,41.6892,122.1128,14.83,69,6,4.5,clear sky
487,Monrovia,LR,2022-01-24 15:37:06,6.3005,-10.7969,91.17,57,22,12.77,few clouds
488,Savonlinna,FI,2022-01-24 15:39:30,61.8699,28.88,33.85,93,100,9.22,overcast clouds
489,Ixtapa,MX,2022-01-24 15:39:30,20.7,-105.2,74.23,78,100,3.44,overcast clouds
490,Trincomalee,LK,2022-01-24 15:39:30,8.5711,81.2335,78.24,68,100,8.66,overcast clouds
491,Hofn,IS,2022-01-24 15:39:31,64.2539,-15.2082,32.02,59,40,6.91,scattered clouds
492,Smithers,CA,2022-01-24 15:39:31,54.7804,-127.1743,30.52,100,100,2.3,overcast clouds
493,Bila Tserkva,UA,2022-01-24 15:39:31,49.8094,30.1121,18.14,90,10,12.93,light snow
494,Ketchikan,US,2022-01-24 15:39:32,55.3422,-131.6461,40.98,100,100,3.44,mist
495,Fuente De Oro,CO,2022-01-24 15:39:32,3.4594,-73.6128,90.3,38,92,6.82,overcast clouds
496,Alexandria,EG,2022-01-24 15:37:28,31.2156,29.9553,58.96,67,40,14.97,scattered clouds
497,Buala,SB,2022-01-24 15:39:32,-8.145,159.5921,80.67,83,100,6.33,overcast clouds
498,Stromness,GB,2022-01-24 15:39:33,58.965,-3.296,43.05,71,98,10.67,overcast clouds
499,Santa Rosa,PH,2022-01-24 15:39:33,14.3122,121.1114,80.58,76,27,8.81,scattered clouds
500,Elmira,US,2022-01-24 15:39:21,42.0898,-76.8077,18.79,78,13,3.91,few clouds
501,Taksimo,RU,2022-01-24 15:39:33,56.3444,114.8794,-17.28,93,87,1.23,overcast clouds
502,Urucui,BR,2022-01-24 15:38:24,-7.2294,-44.5561,86.38,60,10,6.78,clear sky
503,Alofi,NU,2022-01-24 15:40:34,-19.0595,-169.9187,71.49,100,40,1.14,scattered clouds
504,Bunia,CD,2022-01-24 15:40:34,1.5667,30.25,74.25,48,100,2.26,overcast clouds
505,Siguiri,GN,2022-01-24 15:40:35,11.6667,-9.5,91.92,7,57,5.95,broken clouds
506,Port-Gentil,GA,2022-01-24 15:40:35,-0.7193,8.7815,84.16,79,40,10.36,scattered clouds
507,Sechura,PE,2022-01-24 15:40:35,-5.5569,-80.8222,80.46,59,93,9.71,overcast clouds
508,Lixourion,GR,2022-01-24 15:40:36,38.2019,20.4314,44.6,39,40,10.36,scattered clouds
509,Ngunguru,NZ,2022-01-24 15:40:36,-35.6167,174.5,69.17,79,93,14.81,overcast clouds
510,Baghdad,IQ,2022-01-24 15:40:32,33.3406,44.4009,55.31,35,0,2.3,clear sky
511,Berlevag,NO,2022-01-24 15:40:36,70.8578,29.0864,26.55,93,100,37.98,overcast clouds
512,Amot,NO,2022-01-24 15:40:37,59.5714,7.9877,41.76,89,36,8.34,scattered clouds
513,Swan River,CA,2022-01-24 15:40:37,52.1058,-101.2676,-17.3,92,10,5.84,clear sky
514,Jashpurnagar,IN,2022-01-24 15:40:37,22.9,84.15,58.23,65,57,5.41,broken clouds
515,Odesskoye,RU,2022-01-24 15:40:37,54.2111,72.9651,-9.74,98,76,4.54,broken clouds
516,Tapes,BR,2022-01-24 15:40:38,-30.6733,-51.3958,88.63,61,62,7.38,broken clouds
517,Broken Hill,AU,2022-01-24 15:40:38,-31.95,141.4333,73.11,73,75,6.91,broken clouds
518,Concarneau,FR,2022-01-24 15:40:38,47.875,-3.9225,37.69,75,0,6.29,clear sky
519,Camacha,PT,2022-01-24 15:40:39,33.0833,-16.3333,62.53,59,20,13.8,few clouds
520,Alice Springs,AU,2022-01-24 15:40:39,-23.7,133.8833,85.55,51,75,9.22,broken clouds
521,Piranhas,BR,2022-01-24 15:40:39,-16.4269,-51.8222,90.3,51,45,2.84,scattered clouds
522,Kollam,IN,2022-01-24 15:40:40,8.8833,76.6,80.47,68,95,7.31,overcast clouds
523,Touros,BR,2022-01-24 15:36:00,-5.1989,-35.4608,88.7,55,38,12.06,scattered clouds
524,Sawakin,SD,2022-01-24 15:40:40,19.1059,37.3321,73.54,63,96,13.33,overcast clouds
525,Ikwiriri,TZ,2022-01-24 15:40:40,-7.9562,38.9716,78.21,80,93,7.99,overcast clouds
526,Santa Cruz,BO,2022-01-24 15:38:27,-17.8,-63.1667,89.65,51,75,13.8,broken clouds
527,Rio Grande,BR,2022-01-24 15:40:41,-32.035,-52.0986,87.94,76,10,10.71,clear sky
528,Dunda,TZ,2022-01-24 15:40:41,-8.1167,34.25,68.22,89,99,5.57,light rain
529,Charters Towers,AU,2022-01-24 15:40:41,-20.1,146.2667,75.6,79,99,9.04,overcast clouds
530,Bubaque,GW,2022-01-24 15:40:42,11.2833,-15.8333,78.94,57,59,9.17,broken clouds
531,Djougou,BJ,2022-01-24 15:40:42,9.7085,1.666,89.71,10,8,4.7,clear sky
532,Kutum,SD,2022-01-24 15:40:42,14.2,24.6667,73.47,14,11,8.34,few clouds
533,Belmonte,BR,2022-01-24 15:40:43,-15.8631,-38.8828,84.7,62,93,8.9,overcast clouds
534,Sur,OM,2022-01-24 15:40:43,22.5667,59.5289,69.22,63,0,11.97,clear sky
535,Port Antonio,JM,2022-01-24 15:40:43,18.18,-76.4612,84.11,64,0,1.81,clear sky
536,Cabedelo,BR,2022-01-24 15:40:44,-6.9811,-34.8339,88.47,62,89,10.16,overcast clouds
537,Puerto Suarez,BO,2022-01-24 15:40:44,-18.95,-57.8,95.56,66,40,0.0,scattered clouds
538,Veracruz,MX,2022-01-24 15:40:00,19.3333,-96.6667,68.86,63,46,4.43,scattered clouds
539,Dwarka,IN,2022-01-24 15:40:44,22.2394,68.9678,65.75,43,0,8.79,clear sky
540,Angouleme,FR,2022-01-24 15:40:45,45.65,0.15,52.75,48,0,4.61,clear sky
541,Ternate,ID,2022-01-24 15:40:45,0.8,127.4,80.69,83,81,6.55,broken clouds
542,Sandwick,GB,2022-01-24 15:40:45,60.0,-1.25,44.42,76,20,19.57,few clouds
543,Cozumel,MX,2022-01-24 15:38:19,20.5083,-86.9458,77.95,72,81,10.0,broken clouds
544,Bambanglipuro,ID,2022-01-24 15:40:46,-7.95,110.2833,79.34,79,100,8.37,overcast clouds
545,Koumac,NC,2022-01-24 15:40:46,-20.5667,164.2833,76.5,77,25,8.28,scattered clouds
546,Camalu,MX,2022-01-24 15:40:46,30.85,-116.0667,60.13,42,0,2.93,clear sky
547,Folldal,NO,2022-01-24 15:40:47,62.1325,9.9968,26.69,70,36,22.39,scattered clouds
548,Pangnirtung,CA,2022-01-24 15:40:47,66.1451,-65.7125,10.4,67,100,25.32,overcast clouds
549,Vilyuysk,RU,2022-01-24 15:40:47,63.7553,121.6247,-1.16,98,99,5.14,overcast clouds
550,Rawson,AR,2022-01-24 15:41:48,-43.3002,-65.1023,72.19,34,0,11.68,clear sky
551,Antsohihy,MG,2022-01-24 15:41:48,-14.8796,47.9875,71.74,98,100,4.45,light rain
552,Ardakan,IR,2022-01-24 15:41:48,32.31,54.0175,48.58,18,0,0.78,clear sky
553,Saint-Georges,GD,2022-01-24 15:41:49,12.0564,-61.7485,83.88,61,20,20.71,few clouds
554,Antalaha,MG,2022-01-24 15:41:49,-14.9003,50.2788,76.82,87,100,2.51,moderate rain
555,Itarema,BR,2022-01-24 15:41:49,-2.9248,-39.9167,88.25,52,82,12.97,broken clouds
556,Boa Vista,BR,2022-01-24 15:41:50,2.8197,-60.6733,87.78,48,40,12.66,scattered clouds
557,Honiara,SB,2022-01-24 15:41:50,-9.4333,159.95,79.07,89,52,4.72,broken clouds
558,Carauari,BR,2022-01-24 15:41:50,-4.8828,-66.8958,89.91,53,100,4.18,overcast clouds
559,Ulladulla,AU,2022-01-24 15:41:51,-35.35,150.4667,67.87,87,100,3.11,overcast clouds
560,Kolyvan,RU,2022-01-24 15:41:51,55.3053,82.7391,-6.18,100,76,4.34,broken clouds
561,Samarai,PG,2022-01-24 15:41:51,-10.6167,150.6667,82.44,77,52,10.8,broken clouds
562,Pacific Grove,US,2022-01-24 15:41:52,36.6177,-121.9166,54.57,65,0,6.91,clear sky
563,Hue,VN,2022-01-24 15:40:56,16.4667,107.6,73.51,94,75,3.44,mist
564,San Antonio,US,2022-01-24 15:39:48,29.4241,-98.4936,52.05,83,100,3.44,haze
565,Upata,VE,2022-01-24 15:41:52,8.0086,-62.3989,79.2,47,91,4.61,overcast clouds
566,Ludvika,SE,2022-01-24 15:41:52,60.1496,15.1878,39.04,85,46,11.23,scattered clouds
567,Andilamena,MG,2022-01-24 15:41:53,-17.0167,48.5833,66.88,98,100,6.29,moderate rain
568,Wenatchee,US,2022-01-24 15:41:53,47.4235,-120.3103,30.36,89,100,1.99,overcast clouds
569,Podyuga,RU,2022-01-24 15:41:53,61.095,40.8647,21.88,92,100,13.06,overcast clouds
570,Tocopilla,CL,2022-01-24 15:41:54,-22.092,-70.1979,71.76,73,21,6.87,few clouds
571,New Iberia,US,2022-01-24 15:41:54,30.0035,-91.8187,54.05,78,20,4.61,few clouds
572,Bonanza,NI,2022-01-24 15:41:54,14.0289,-84.591,78.1,70,60,3.76,broken clouds
573,Conde,BR,2022-01-24 15:41:55,-7.2597,-34.9075,87.26,51,40,9.22,scattered clouds
574,Santa Maria,BR,2022-01-24 15:41:55,-29.6842,-53.8069,90.7,62,0,5.75,clear sky
575,Taquari,BR,2022-01-24 15:41:55,-29.7997,-51.8644,99.32,30,47,2.51,scattered clouds
576,Stepnyak,KZ,2022-01-24 15:41:55,52.8339,70.7803,-2.61,98,37,6.29,scattered clouds
577,Richards Bay,ZA,2022-01-24 15:41:56,-28.783,32.0377,78.6,69,9,15.26,clear sky
578,Marataizes,BR,2022-01-24 15:41:56,-21.0433,-40.8244,79.88,75,86,12.8,overcast clouds
579,Rantepao,ID,2022-01-24 15:41:56,-2.9701,119.8978,67.59,95,81,3.04,broken clouds
580,Rokytne,UA,2022-01-24 15:41:57,51.2796,27.214,12.69,97,7,2.71,clear sky
581,Mayumba,GA,2022-01-24 15:41:57,-3.432,10.6554,80.6,74,17,7.31,few clouds
582,Yongan,CN,2022-01-24 15:41:57,39.6957,113.6871,21.51,87,52,4.38,broken clouds
583,Toba Tek Singh,PK,2022-01-24 15:41:58,30.9743,72.4827,53.02,67,45,6.51,scattered clouds
584,Olden,NO,2022-01-24 15:41:58,61.8364,6.8064,41.9,97,100,8.14,overcast clouds
585,Irece,BR,2022-01-24 15:41:58,-11.3042,-41.8558,87.24,37,10,4.45,clear sky
586,Tanda,IN,2022-01-24 15:41:58,26.55,82.65,57.61,78,2,7.25,clear sky
587,Limulunga,ZM,2022-01-24 15:41:59,-15.0969,23.1376,75.88,57,98,5.66,overcast clouds
588,Portland,US,2022-01-24 15:38:48,45.5234,-122.6762,35.85,92,100,1.01,fog
589,Raudeberg,NO,2022-01-24 15:41:07,61.9875,5.1352,40.87,93,100,5.99,overcast clouds
590,Kingston,JM,2022-01-24 15:41:36,17.997,-76.7936,83.35,60,20,8.05,few clouds
591,Coari,BR,2022-01-24 15:41:59,-4.085,-63.1414,90.59,53,97,1.23,overcast clouds
592,Hakkari,TR,2022-01-24 15:42:00,37.5833,44.1667,21.76,97,98,4.79,light snow
593,Kushima,JP,2022-01-24 15:42:00,31.4583,131.2333,50.41,88,99,6.29,overcast clouds
594,Tonantins,BR,2022-01-24 15:42:00,-2.8731,-67.8022,85.23,66,73,4.27,broken clouds
595,Kiunga,PG,2022-01-24 15:42:01,-6.1219,141.2906,74.77,100,100,0.54,light rain
596,Cobija,BO,2022-01-24 15:42:01,-11.0267,-68.7692,87.98,74,75,0.0,broken clouds
597,Nemuro,JP,2022-01-24 15:43:01,43.3236,145.575,23.25,68,61,13.53,broken clouds
598,Mehamn,NO,2022-01-24 15:43:02,71.0357,27.8492,30.38,76,100,33.53,snow
599,Kalino,RU,2022-01-24 15:43:02,58.2504,57.6085,9.77,99,100,4.76,overcast clouds
600,Tubajon,PH,2022-01-24 15:43:02,10.3317,125.5619,77.13,87,100,9.71,overcast clouds
601,Pisco,PE,2022-01-24 15:43:03,-13.7,-76.2167,76.01,73,0,8.05,clear sky
602,Shihezi,CN,2022-01-24 15:43:03,44.3,86.0333,9.99,94,100,3.24,overcast clouds
603,Matara,LK,2022-01-24 15:43:03,5.9485,80.5353,74.77,82,22,2.82,few clouds
604,Simao,CN,2022-01-24 15:43:04,22.7886,100.9748,52.56,82,88,2.3,overcast clouds
605,Queanbeyan,AU,2022-01-24 15:43:04,-35.35,149.2333,65.66,86,40,4.61,scattered clouds
606,Lar,IN,2022-01-24 15:43:04,26.2039,83.9717,59.67,76,8,6.64,clear sky
607,Mumbwa,ZM,2022-01-24 15:43:05,-14.9783,27.0619,67.33,90,99,6.02,light rain
608,Kwakoa,TZ,2022-01-24 15:43:05,-3.7667,37.7167,78.53,51,97,8.86,overcast clouds
609,Malakal,SS,2022-01-24 15:43:05,9.5334,31.6605,86.52,17,62,6.89,broken clouds
610,Muros,ES,2022-01-24 15:43:06,42.7762,-9.0603,56.84,62,38,3.22,scattered clouds
611,Khandbari,NP,2022-01-24 15:43:06,27.3747,87.2039,50.54,86,83,4.03,broken clouds
612,Fairbanks,US,2022-01-24 15:38:22,64.8378,-147.7164,39.54,77,100,9.22,overcast clouds
613,Barnstaple,GB,2022-01-24 15:38:20,51.0802,-4.0581,44.85,86,96,7.81,overcast clouds
614,Biltine,TD,2022-01-24 15:43:07,14.5333,20.9167,84.56,12,0,8.99,clear sky
615,Usinsk,RU,2022-01-24 15:43:07,65.9939,57.5281,9.25,90,98,25.84,overcast clouds
616,Dese,ET,2022-01-24 15:43:07,11.1333,39.6333,56.43,63,73,5.1,broken clouds
617,Marawi,PH,2022-01-24 15:43:08,7.9986,124.2928,68.65,99,100,3.56,overcast clouds
618,Leninskoye,KZ,2022-01-24 15:43:08,41.7589,69.3864,33.73,68,0,4.63,clear sky
619,Ratnagiri,IN,2022-01-24 15:43:08,16.9833,73.3,67.19,60,0,7.58,clear sky
620,Moroni,KM,2022-01-24 15:43:09,-11.7022,43.2551,84.2,74,75,14.97,light rain
621,Anzio,IT,2022-01-24 15:43:09,41.4853,12.6179,57.33,72,10,6.15,clear sky
622,Bardiyah,LY,2022-01-24 15:43:09,31.7561,25.0865,54.07,53,11,20.4,few clouds
623,Gamba,GA,2022-01-24 15:43:10,-2.65,10.0,80.55,73,26,8.57,scattered clouds
624,Chipinge,ZW,2022-01-24 15:43:10,-20.1883,32.6236,66.25,91,100,5.93,overcast clouds
625,Seoul,KR,2022-01-24 15:42:00,37.5683,126.9778,40.57,46,0,9.22,clear sky
626,Kirovskaya,RU,2022-01-24 15:43:10,46.9748,40.0402,28.96,97,100,10.22,overcast clouds
627,Pryozerne,UA,2022-01-24 15:43:11,45.2698,36.3303,30.88,96,100,19.06,snow
628,Roald,NO,2022-01-24 15:43:11,62.5833,6.1333,42.01,87,75,13.8,broken clouds
629,Taguatinga,BR,2022-01-24 15:43:11,-12.3857,-46.5711,88.97,48,20,3.87,few clouds
630,Ponta Delgada,PT,2022-01-24 15:43:12,37.7333,-25.6667,65.5,59,20,9.22,few clouds
631,Nioro,GM,2022-01-24 15:43:12,13.35,-15.75,97.84,7,56,7.99,broken clouds
632,Beaverlodge,CA,2022-01-24 15:43:12,55.2166,-119.4361,34.95,91,98,5.3,overcast clouds
633,Marquette,US,2022-01-24 15:43:13,46.5333,-87.6335,12.83,71,96,9.13,overcast clouds
634,De-Kastri,RU,2022-01-24 15:43:13,51.4667,140.7833,-7.74,96,48,6.62,scattered clouds
635,Lonar,IN,2022-01-24 15:43:13,19.9833,76.5333,61.09,37,1,8.77,clear sky
636,Jinchang,CN,2022-01-24 15:43:14,38.4953,102.1739,23.76,50,2,2.86,clear sky
637,Jardim,BR,2022-01-24 15:43:14,-21.4803,-56.1381,100.11,34,66,2.84,broken clouds
638,Laguna,US,2022-01-24 15:43:14,38.421,-121.4238,53.01,93,0,3.44,mist
639,Redmond,US,2022-01-24 15:39:22,47.674,-122.1215,39.02,91,2,1.41,clear sky
640,College,US,2022-01-24 15:43:15,64.8569,-147.8028,39.52,77,75,9.22,broken clouds
641,Boulder,US,2022-01-24 15:43:15,40.0833,-105.3505,34.18,50,0,3.0,clear sky
642,Sosnogorsk,RU,2022-01-24 15:43:15,63.6023,53.8817,15.44,93,100,9.91,light snow
643,Tolu,CO,2022-01-24 15:43:16,9.5239,-75.5814,85.5,62,62,3.8,broken clouds
644,Raga,SS,2022-01-24 15:44:16,8.4596,25.678,85.17,18,38,5.06,scattered clouds
645,La Plata,AR,2022-01-24 15:44:16,-34.9215,-57.9545,89.04,58,70,3.65,broken clouds
646,Muravlenko,RU,2022-01-24 15:44:17,63.7898,74.523,-4.34,100,96,9.35,overcast clouds
647,Daru,PG,2022-01-24 15:44:17,-9.0763,143.2092,79.83,85,100,0.18,overcast clouds
648,Marsh Harbour,BS,2022-01-24 15:44:17,26.5412,-77.0636,68.97,73,84,13.62,broken clouds
649,Martapura,ID,2022-01-24 15:44:18,-3.4167,114.85,80.69,89,75,4.61,broken clouds
650,Esso,RU,2022-01-24 15:44:18,55.9333,158.7,-8.46,94,27,4.65,scattered clouds
651,Cantagallo,CO,2022-01-24 15:44:18,7.376,-73.9196,84.78,57,62,1.12,broken clouds
652,Cairns,AU,2022-01-24 15:44:19,-16.9167,145.7667,78.06,90,100,3.44,overcast clouds
653,Fuerte Olimpo,PY,2022-01-24 15:44:19,-21.0415,-57.8738,104.45,28,90,4.76,overcast clouds
654,Prince Rupert,CA,2022-01-24 15:39:48,54.3161,-130.3201,35.69,100,75,4.61,broken clouds
655,Puerto Narino,CO,2022-01-24 15:44:19,-3.7703,-70.3831,84.15,54,70,3.56,broken clouds
656,Decatur,US,2022-01-24 15:44:20,39.8403,-88.9548,37.65,74,75,13.8,broken clouds
657,Port Hawkesbury,CA,2022-01-24 15:44:20,45.6169,-61.3485,30.18,93,100,4.0,snow
658,Chany,RU,2022-01-24 15:44:20,55.3121,76.7647,-0.18,96,86,6.17,overcast clouds
659,Rudbar,AF,2022-01-24 15:44:21,30.15,62.6,49.68,30,0,1.97,clear sky
660,Bam,IR,2022-01-24 15:44:21,29.106,58.357,49.82,23,0,2.75,clear sky
661,Nouakchott,MR,2022-01-24 15:44:21,18.0858,-15.9785,89.53,21,99,15.39,overcast clouds
662,Hanmer Springs,NZ,2022-01-24 15:44:21,-42.5167,172.8167,53.85,86,43,5.1,scattered clouds
663,Mason City,US,2022-01-24 15:44:22,43.1536,-93.201,17.69,85,100,20.71,overcast clouds
664,Katangli,RU,2022-01-24 15:44:22,51.7102,143.2326,-4.02,93,92,10.18,overcast clouds
665,Svetlaya,RU,2022-01-24 15:44:22,46.5389,138.3297,8.53,77,2,8.12,clear sky
666,Pemangkat,ID,2022-01-24 15:44:23,1.1667,108.9667,78.75,85,100,7.11,overcast clouds
667,Buraydah,SA,2022-01-24 15:44:23,26.326,43.975,66.65,31,0,13.44,clear sky
668,Gigant,RU,2022-01-24 15:44:23,46.5066,41.3419,31.75,97,100,5.28,overcast clouds
669,Andros Town,BS,2022-01-24 15:44:24,24.7,-77.7667,66.16,58,11,8.97,few clouds
670,Akyab,MM,2022-01-24 15:44:24,20.15,92.9,73.36,63,77,1.81,broken clouds
671,Dhangadhi,NP,2022-01-24 15:44:24,28.7079,80.5961,61.14,87,8,3.83,clear sky
672,Bulawayo,ZW,2022-01-24 15:44:25,-20.15,28.5833,63.63,85,100,7.4,overcast clouds
673,Nizhneudinsk,RU,2022-01-24 15:44:25,54.9076,99.0276,9.39,97,100,1.07,overcast clouds
674,Yakeshi,CN,2022-01-24 15:44:25,49.2833,120.7333,0.57,98,100,2.06,overcast clouds
675,Varadero,CU,2022-01-24 15:42:37,23.1536,-81.2514,70.56,64,1,10.85,clear sky
676,Amqui,CA,2022-01-24 15:44:26,48.4638,-67.4313,0.09,77,23,1.28,few clouds
677,Dhidhdhoo,MV,2022-01-24 15:44:26,6.8833,73.1,80.89,62,100,13.04,overcast clouds
678,Krasnoselkup,RU,2022-01-24 15:44:26,65.7,82.4667,-11.27,100,100,7.92,overcast clouds
679,Biak,ID,2022-01-24 15:44:26,-0.9131,122.8766,76.96,84,48,4.7,scattered clouds
680,Alibag,IN,2022-01-24 15:44:27,18.6411,72.8792,69.87,55,2,10.4,clear sky
681,Sembe,CG,2022-01-24 15:44:27,1.6481,14.5806,95.47,20,16,2.75,few clouds
682,Wschowa,PL,2022-01-24 15:44:27,51.807,16.3166,41.43,90,100,4.29,overcast clouds
